Customer_ID,Customer_Name,Phone_Number,Email
e0d6cb3c-c4b0-4cfe-8225-b65d094d2424,Dominic Buchanan,259.603.6134,margaret97@example.com
fa3ca35a-5540-404b-a7eb-9001cdcbd840,Daniel Allen,+1-869-659-4272x982,angela55@example.com
7ad4de53-e6d7-4cd3-99b8-13fb70fe7a34,Daniel Schmidt,292.840.0975x724,wayne59@example.org
4b9b409c-19f2-41c0-bc7c-6556e0647ebb,John Gonzalez,+1-643-561-3912x262,qsherman@example.com
81b513ad-5c02-48cf-bff0-39e1440c4d22,Amber Benitez,3424148376,derek85@example.com
7f6608ca-b11e-497f-9421-34ee62f9e220,Sandra Williams,833-392-3750x99267,xblack@example.org
de08452f-8820-4b7e-a394-dba5520a9ce7,Sydney Johnson,824-668-9191,trevorbowers@example.org
e1ef782d-6bd8-4880-ae57-f6638c7309fc,Mary Douglas,-5077,kyle68@example.com
df6652a7-8923-431c-b49b-f57138dc1130,Mrs. Courtney Lawson,+1-261-681-8748x0788,mcgeechristina@example.net
ef9962f3-cfbe-470e-a6ad-d285dbbfa54b,Eric Ford,-6718,briannadean@example.org
2a5aa693-90a5-487d-bed5-709577862299,Joseph Martin,001-700-979-7231x93087,diane14@example.org
6c01445d-e4d3-4560-99ee-4a377d042353,Justin Mullen,612-529-7477x25482,chambersalicia@example.net
ca0d091c-0d3d-4d01-a4c9-85f07e01f2f5,James Green,(898)706-3931,kellycandace@example.com
3642f2c6-9513-4258-851a-1ca383020a5e,Stephanie Garcia,001-515-658-2264,nicholas86@example.net
d345f895-73fe-4d1f-9119-090e3e22cf40,Diane Brown,245-597-6001x88072,alexanderthomas@example.com
105dedd4-90ce-48ab-8993-d206ca55f9e4,Patricia Carter,(333)659-7851x16303,mnelson@example.net
e919ab84-fdc0-4e10-938d-56418db183ab,Lisa Nelson,001-236-629-1880,xharper@example.org
d6e4e518-cf57-443a-bd52-6e86fbcc566e,Jasmine Cruz,537.897.4689,kylenorman@example.com
766c89fa-2f04-4e88-b81a-732161a8c8cc,Shannon Rodriguez,874.512.5898x164,gwalsh@example.com
1a547842-3a19-4957-bfd0-47957f49d7ac,Carol Moore,458-731-6189x123,williamwest@example.com
7e1e6a0d-dc49-4d83-8e35-ebb3e62d6bbf,Jennifer Rodriguez,+1-357-530-7289x103,randydyer@example.net
a9b7151b-427a-4743-86ff-e810bf475d7d,Kimberly Torres,(315)231-6007,gordonkatherine@example.net
fcd095ba-9da7-4877-89e8-ffbf1d694eab,Ricardo Mendoza,7602861052,qmeadows@example.org
97f80ead-3113-4cbc-b3e6-da7c182c1bf8,Monica Holmes,517-796-3040x5556,david33@example.org
35dd03a3-d610-48bb-bf55-2e91af1e49b0,Mark Brady,+1-303-625-1760x74653,maxreyes@example.net
6ac20f4e-bd84-4ef3-a10f-0d9286d0be2e,Andrew Rodriguez,381.685.3371x40478,matthewward@example.net
d2a42dba-d1c6-48fb-8570-5502e3df3d49,Melissa Glenn,705-986-2149x032,sgalvan@example.com
4296123a-900d-439a-87c0-5525cadcd900,David Estrada,+1-751-600-4376x4785,tmartinez@example.org
58190f47-3d69-4be5-84c1-1779b39e7d09,Mr. Ryan Moore Jr.,508.640.2112x74967,kcunningham@example.net
893fc836-422b-4d37-acf7-ccb08b7ae775,Holly Jones,+1-471-881-2109x34962,blang@example.com
84c25e63-2b5d-4ac7-aec6-3ae95b02afd2,Billy Mills,+1-306-439-1399x0241,guerreroadam@example.net
7dace790-bced-4bb6-b388-068559ccd92a,Edward Elliott,430.201.6846,hwall@example.org
59e13e12-6dbb-449c-b291-f63c47eece7d,Kathryn Haas,(478)499-4505x3755,lesterbryan@example.net
4bdbee05-f517-4ebb-9bd0-ec1f071f9e5b,Jessica Brewer,(715)245-5797,richard54@example.org
cb237dc8-8156-4ee7-ae50-9d7c8621e150,Tim Gonzalez,001-444-792-8305x920,harrisjulie@example.com
f053d94e-fac2-40e3-9241-c56673d29984,Samantha Cortez MD,6745652741,panderson@example.com
5caed76e-f5bd-4adc-99b7-afb4b8a7f58c,Patricia Nguyen,(651)667-9355x205,rosejoseph@example.net
5e08d625-4621-4d7c-b164-90486adce4b6,Katherine Cooper,740-210-3364x501,guerreroamanda@example.net
037a19a4-2c4e-4ae1-abee-e2c2c2a29e98,Derek Cobb,546.700.2470x30324,zimmermanchelsea@example.org
110b54d1-5584-4c4e-88c9-ebdbd0147827,Kevin Wade,+1-414-327-6631x4283,cheryl45@example.net
56c4bfa9-94e2-4d89-b992-7fbcf9f912ee,Melissa Hughes,395-909-7465x37184,uking@example.com
cc607ff7-261b-4f0a-832a-c8ed7fb31015,Lindsay Wilson,654-866-2345,duranjoan@example.com
00d78252-3e0a-4340-9779-6a5ab4a2144f,Levi Hall,6479059434,owheeler@example.net
dc4fe353-c432-4318-a660-3566b14c81c1,Lynn Smith DDS,+1-796-732-5288x2522,shawnharris@example.com
5a2396f1-7faf-43f8-a7f7-5188ca2d993a,Curtis Weaver,297-973-4529x39996,matthew52@example.com
2da8341b-0bba-4908-ad03-3f983d9d5189,Julie Green,427.666.3085,richardkimberly@example.net
2eb6f81d-aae1-489d-9c78-3f8b125bf613,James Thomas,261.214.4632x938,simpsonryan@example.org
998e49e5-f6ba-4fa9-853e-ce4ac86645ee,Jenna Williams,(917)860-7423x496,wileyrebecca@example.com
223bb9aa-b16b-415b-b903-849604081f59,Lisa Thomas,+1-346-466-5916x539,randall74@example.net
ce907f53-4702-4940-9d23-bd00335047a4,Yolanda Martinez,+1-734-606-1951x35902,tamarataylor@example.org
01a23274-2269-4ee1-8bac-8ce6c9dc1347,Tiffany Smith,+1-719-442-3234x094,stacey84@example.org
043683fc-488e-404a-8518-7c992ab41f2f,Debbie Turner,(236)786-6541x93923,victor43@example.org
9875460c-3b53-4bd2-b752-4a7b3207bb2b,Jeremy Mills,420.488.0369x815,mharrison@example.org
66d50871-cfb0-457c-a7ea-c75ec3bdc057,Anna Moore,001-850-636-9986,scotthill@example.com
488b8cb6-06bb-42ea-b018-f13c19698124,Keith Choi,001-900-692-3670,johnsullivan@example.net
752e6595-62eb-41b5-a4d9-5f340652d814,Morgan Hines,+1-481-673-3179x278,ekaufman@example.org
68d0b711-64b4-4181-94b0-9da60771a4bb,Michael Thompson,(952)841-0552,amber03@example.org
c212f497-3a55-4c98-aea9-0a54ecf95ef1,Tracy Palmer,5534307505,allenduane@example.org
d70d0038-4ff6-405d-99a0-3e27684e0b11,Kelly Garcia,+1-202-206-0974x68612,zmelton@example.org
bc4a9f54-7f93-412d-aee0-41babde9f7c7,Mark Howard,+1-502-449-8103x4873,ehurley@example.org
c29fe714-1b30-433a-83f5-05fad6a10084,Kenneth Kirby,349-273-4755x2130,jamesbrittney@example.org
c340d489-e79d-4bdd-94e3-15dbcc244560,Kristin Johnson,626-632-8304,ggeorge@example.net
9b1329e0-f890-497e-94fc-b8b3be942972,Victoria Russell,(450)820-6135,beth81@example.com
90f45551-bc3d-4d24-a8eb-73c18443ec47,Christy Brown,537-776-5371,fmurphy@example.com
7eed9caa-025a-4887-a331-21a3b5fef946,Roberta Parker,(988)220-2115x93077,kbrowning@example.com
6241e36c-1a88-4971-bed6-25149b466c04,Brian Murphy,-2995,aaronfrench@example.org
051052d5-0872-4281-bb36-9ef4bf87c6f2,Sean Mcmillan,567.660.4444x88870,lhernandez@example.net
5668c56e-3af8-4677-b307-aaf09532287b,Joseph Bright,3472352864,kevinblackwell@example.org
fc2496e0-d97f-437c-bb6b-8526930fc174,Matthew Pierce,(956)454-7442x7279,jburgess@example.net
d09e95b6-2dd2-4908-9689-96a65127b3d8,Carlos Simon,684-629-6812,humphreymanuel@example.org
321da85c-715c-4851-a543-c93cc2e3eb23,Brenda Perez,720-375-6574x039,charles38@example.com
2b705e74-58c2-4247-998e-051fb2cfe4c8,Tracey Williams,(375)424-6903x34857,erinmacias@example.com
5ac72f0c-e995-4d05-8e6b-ec75d97f24fa,David Perez,875.677.1636,freemanmary@example.com
8a949643-033a-471e-8ff8-db1aad104086,Terri Allen,(917)328-2167,bryangarcia@example.net
29223517-3ed7-435b-a229-a76f1052e4d7,Mr. James Mendoza Jr.,393-298-6581,darlene20@example.net
13248508-6251-479a-955e-5cb907f94eb4,Eric Garcia,(524)916-7698x11642,collinschristian@example.net
168279f3-7d94-4578-9bd6-8ec302e2c6e4,Robert Nelson,(842)227-0512x475,amberpalmer@example.com
7c873d7f-d804-4f6c-96e6-a806be8a2d3c,Amanda Perez,823.267.3908x98150,fullerkimberly@example.org
f5c7f46a-96ef-44cd-97e3-9318163dcbe0,Christopher Graves,8492333690,murphycody@example.org
e248718b-8a64-4927-bb19-92878c129755,Ricky Dunn,442-271-5009,matthew22@example.net
b14c26dd-13e8-418a-83d9-632e82f0effd,Francisco Moody,636.811.1888,grichardson@example.net
04e01df9-1d9a-41fa-9a3a-21d3c70fde06,Sean May,001-861-422-2488x916,gcherry@example.net
1c9e0e75-18de-4887-80de-661b74957fb3,Eric Dominguez,(773)539-6356x8251,lallen@example.net
7ee030f0-3a51-4a40-aaf5-f8d08146b111,Gabriela Church,001-597-275-3352x79950,xroth@example.org
a6b4443f-fa34-49f7-843e-c76645810d71,Keith Morton,909-790-6728,sarahlandry@example.com
0967c5d2-6a2e-4f6d-8cd0-ebce2f2bdefe,Lisa Burke,9642319834,tammy58@example.org
7796b3a9-c769-4f9f-a650-6d11e2496f0e,Beth Mitchell,+1-563-295-3058x766,whiterobert@example.net
4ed72c96-02f7-45d0-ae0b-5be3faf1e5ac,Rebecca Richardson,8668766069,kevineaton@example.com
a68352d7-5a5a-4284-a1ce-c36d8607302f,Loretta Perez,933.273.2212x335,barbaradavis@example.com
a62611fd-7e3b-4105-baed-a6c7cb487672,Gary Stanley,+1-845-725-2771x162,thomasrichardson@example.com
c50b8bb2-80fd-48ae-a373-ee150019dbc5,Thomas Perez,340-821-4465x3294,nathan29@example.org
1b41eccb-1b0c-4afd-a11a-712ec81de7d6,Mr. Ernest Pearson,001-315-790-5382,sbonilla@example.org
f92860ad-8f39-4fd9-8984-7c66b38d2a3e,Brittany Miller,(960)544-2070,matthew01@example.com
ef335d2a-f9fe-4819-b699-42b5d4cd060c,Dawn Meyer,834.498.8383x081,jconley@example.net
db91ad1d-e70e-425a-ad67-8ecbaef6639f,Wyatt Carroll,(499)850-8208x53130,milleralexa@example.net
b9680fe4-1f64-4487-9dde-56ad5f0b4fd0,Clifford Carroll,451-972-1410,courtneywalton@example.org
731dbef8-e4d5-4eb5-8345-f75d5ccc9457,Debbie Harris,(722)371-7468,mendozajessica@example.com
d535b4af-76db-460e-a22e-f1137f169c5d,Dennis Silva,417-233-4196x172,christopher65@example.net
2ef4a6b1-b5e5-4fc8-b289-a9e590165863,Michael Clark,001-546-333-7614x9104,williamswesley@example.net
18704394-d7e4-4e23-85b4-3390ca5d1710,Mr. Kenneth Oneill,364-315-6436x034,tpatterson@example.com
74a22756-611c-4774-b8c2-1a2dfb3feb01,Zachary Johnson,(919)221-1185x3590,richardgraves@example.com
876e95aa-062a-4812-b285-e1a278240bde,Nicholas Figueroa DDS,001-436-486-1091x87232,michael68@example.net
0c10bff4-e805-4078-87a2-f8802165f89a,Jennifer Barnes,(925)723-0473x4553,epalmer@example.net
a22a16f3-f60c-4cbd-ae2a-4d65d3e7856a,Joseph Morris,427-231-9772x80666,allenjeffrey@example.net
e36529e6-67f6-4e91-8431-60694685a3d7,Patricia Estrada,(614)997-1044x023,rhonda12@example.org
032e5cc7-84c8-4693-a902-077902c811b9,Curtis Woods,438-964-5464x872,amandaedwards@example.org
f63526e2-d2e7-470c-ba5c-7f7d0115ef3a,Joseph Bradshaw,602-880-3131x7465,ntaylor@example.net
e13af354-ecc5-4062-b0ed-c331dbf781e4,Ronald Morales,001-825-472-2038,rbradley@example.org
6320730f-e631-4aea-80a4-d86d41a47c11,Jillian Day,(269)273-1094,virginiaterry@example.com
cb88b521-53dc-4455-9114-6569d880f876,James Bishop,336.860.7807,walkerlawrence@example.com
41296c35-8d3d-4b4e-9136-5de2b2c8c536,Michelle Huynh,8357485893,priceantonio@example.net
4efca02a-75cf-4129-a403-ba7e9c027274,Robert Mosley,001-624-381-7594x1784,connie08@example.net
4bf0be7e-033a-4a24-b557-ede9469c2db6,Brian Atkins,001-410-830-1982x453,samantha74@example.net
40022a57-2226-473b-9161-e12187263791,Jonathan Salazar,-2015,amandajones@example.net
ad742261-5858-4ee2-a401-c895487542e6,Denise Nelson,(571)395-4051x87322,alexis13@example.com
16d59819-fee0-40f1-8725-3c7ac6d276e1,Annette Peters,001-804-938-4607x899,charles20@example.com
dc2bd564-6a1d-455a-b75a-4adfa6dd8ebb,Destiny Morris,+1-988-965-9196x11104,jasonbarrera@example.net
37102168-6a28-4555-b58f-c0ef241088d9,Bryan Fields,+1-660-764-8233x615,xmorgan@example.com
bc1d3c89-ec7d-40a8-b9ff-bf0fddcb7e2d,Melissa Boyd,276-397-9672x6258,dwalker@example.org
05dec35d-6754-4582-ade5-327299f32c83,Mark Evans,305-740-8371x536,catherinebennett@example.net
e7b6f6d8-068f-44c2-a38d-cf577b6b0c57,Kimberly Scott,498-346-4823x88928,fowlerblake@example.org
c2f0da10-6ad3-4924-b64d-8c2419fe5f60,Lauren Barnes,001-733-534-0254x16308,zwebb@example.net
263ebf90-46b5-4453-992b-a17f993ba45b,Dana West,683-550-0704x554,leeallison@example.com
97ff2078-dccc-4314-b37e-fdbc5b1b6bbd,William Nguyen,(649)310-3823x6118,clarklatoya@example.com
126071f0-6ecb-4ecf-a6a9-29ef0df58275,Denise Montes,001-714-744-3758x16345,ljoseph@example.org
2541a355-b4eb-4ae9-ae6b-de65cef65274,Mrs. Kimberly Farmer MD,328-337-8401x5094,susanjohnson@example.com
feeb58ca-f5e4-45a0-8c11-66fd772459d5,Julie Fuller,(743)655-0702x834,heather32@example.net
43cec906-6f64-468f-ac60-26913c38ec8e,Todd Meyers,387-750-7786x7376,halltricia@example.com
02d8cddb-96cd-4e71-8b58-dbc629ec1799,Evan Hart,+1-480-559-8295x878,caitlin39@example.com
6b8293ca-8dcf-4883-83dd-263a9bf38003,John Shields,988-596-5209,kmartin@example.org
3fe1b39e-ceb3-4fe5-b836-41b746999830,Kenneth Obrien,819-868-9528x76674,nicholas48@example.net
06811402-b75f-445d-99b3-e828cb4e8fda,Michael Garner,320-847-3376,johnsonjason@example.com
fa54a2fc-0720-49b2-8b38-ec3d573968b2,Lindsay Taylor,(833)407-3793x92721,kathryn95@example.net
7d458173-5eb1-429b-aed6-dcb5528c9dfa,Stephen Hahn,(449)933-6964,ebony05@example.com
d002f6a2-14cb-4f61-ac39-1f8944a95953,Ann Campbell MD,313-762-8118,tony86@example.net
b0892a88-cfdf-41bb-ac1a-52426e146bb3,Laurie Hartman,655-967-5239x39247,taylormunoz@example.net
72a10333-06ac-48fd-a19b-a0160185fc39,Samuel Carrillo,(595)319-7303x98179,ediaz@example.net
1ac40202-a163-498b-8b4f-063f0f84ff29,Jamie Chambers,521.704.1292x3793,smithisabel@example.net
44304013-3b7a-429f-bb0a-ce1ea4fad1be,Andrea Diaz,2314025968,daniel05@example.org
0e3aed20-c3dc-4e3f-8612-3fc1ce1b3f4b,Brandon Washington,797.454.5917x751,andrewsampson@example.net
e8cfbc82-b5d9-4625-be8a-f422c63abd9d,Kimberly Parks,+1-909-446-6899x834,juandavis@example.com
c308ef44-7b7f-48d0-9cff-057404a35602,Donald Barron,(724)536-1988,edwinmorris@example.org
e98ffed6-8ff2-47ec-8607-f916503f8058,Laura Wallace,723-981-8153,cfrancis@example.org
4ff66dd7-390f-4ce5-ac1a-04ba9ed4b1e0,Tanya Anderson,536-730-3394x816,marynewman@example.com
2eb60243-51dd-4c97-b4de-d6df63882ccd,Keith Gilmore,001-838-446-1853x136,nguyenshannon@example.net
fb0f2e7e-c2c6-47e9-a1a4-5c1083479d4a,Jacob Martin,001-884-953-2154x5074,nancyvasquez@example.net
33506b6a-fe8a-4564-995c-43377b09a662,Monica Chan,-4803,kathleen44@example.org
0de34f84-523b-424e-b0d3-48defeda41d1,Candice Peterson,948.845.3237x44384,jacksontricia@example.net
af3634ed-df1f-44fb-9509-99a9d276b606,Amanda Bell,320.468.5276,erica11@example.com
8041e46f-5cc7-4c5a-bbdd-37f3c46b0fb7,John Brown,+1-371-242-1099x7081,kyle18@example.com
5e6f57dc-ea71-4bcd-ad90-8d807cb39596,Nicole Tanner,(891)669-7131x1070,jacobnguyen@example.net
f79e2fac-9904-4050-be3d-904d6b9db562,Kristine Barajas,608-367-5668x16244,christian07@example.net
befc22d6-c6c2-49e3-9cb2-5942cd898d83,Mark Andrews,889.678.8398,blankenshipstephen@example.net
8829d9b7-cff3-4fd3-b230-7109fca4265f,Christina Ward,7333585175,vsmith@example.org
21c6a38b-4ff8-46e3-9f96-c9471a1c55bc,Rebecca Ford,744.722.6742,jmiller@example.net
904a5ec7-e9ca-44a8-b16c-e55ca362ca98,Michael Farley,7586300736,michael34@example.com
a307cabd-3231-4676-9fa4-1e1908f16486,Joel Lopez MD,9447800416,amandagonzales@example.net
a6ed7fc3-f4d5-4308-9899-c7c9149e9b0c,Ariel Terrell,001-202-584-7132x8341,birwin@example.org
eac79142-0484-4782-9767-6697b7ea6f4e,Sarah Miller,(693)346-9069x6412,khanjacob@example.org
fd4fae21-0582-4eb7-9418-92e348b90f5c,Tony Spencer PhD,663.708.8505x671,henryvickie@example.com
8ffa2a82-a51c-4755-9867-d3d665812afe,Patrick Berry,(652)267-9793x216,jessica98@example.org
aa1a84f8-bc2d-42d3-9167-95b905ecb9ca,Marvin Love,+1-966-752-9854x29491,patriciapittman@example.org
349f9fef-6a78-4a3d-b55f-50a10610e1ea,Andrew Miller,847-831-2268,douglasconrad@example.net
97a03e11-7ff1-497c-b53c-b8ae76f2e240,Anita Keith,-4150,rbuchanan@example.net
bae15791-6a21-4bef-bdb3-dd8fdaad62b5,Laura Murphy,6257383643,bpowell@example.com
874209f6-4beb-413f-88ec-729e4747fed8,Wendy Wiggins,001-312-931-1970x37992,joseph53@example.com
69d86726-483a-4325-bbf9-1f7728a52241,William Giles,(992)454-6000x70863,murraybrian@example.net
1f22759d-b579-4bc2-937b-20e2c28eefee,Courtney Graham,722-532-1684x9365,schmidtlisa@example.org
3a6ae33c-1c6f-4a6a-a5d5-320ac25c5301,Michael Scott,2153694412,lancerice@example.org
aecf1789-4d41-4d27-9be0-7e96ca4f8824,Jonathan Thompson,869-850-5537x551,mharvey@example.net
23a14d5d-cbda-4770-a657-5878a8466791,Brittany Lewis,424-605-6993,alexandra93@example.com
fc1c0fbc-9c6a-4b40-b846-2696db1d2205,Steven Chang,+1-771-490-9324x8416,marybrown@example.com
a1599a7f-3df5-4a8d-8806-a51760ecdb2e,Robert Duncan,(912)818-3462x99068,stephen36@example.net
95bf0dc5-c289-4f37-8b28-9992939ee535,Melissa Mcmillan,578.367.9564,amandaboyd@example.net
31af90c4-3950-48ca-8a08-5141eef98cce,Heather Washington,+1-267-600-7565x2157,alexander95@example.net
7ecd584d-2bcf-47f5-9e29-642006a09611,Joanne Moore,(427)252-4775,eric54@example.net
81b58143-f38d-4480-8127-fe48e8f55e70,Juan Wood,(603)660-2419,beckerjames@example.net
b75b9252-6814-4afe-8155-9d7180698dfc,Lisa Flowers,313-895-3312x8885,christopherhughes@example.org
2dcbda41-7c87-4692-b054-ccd3748ff989,Amanda Washington,9722475861,penakristen@example.com
abb179ec-76c5-4b46-a23a-8296815a1af0,Wendy Black,-2210,garybailey@example.org
b12194df-9db9-4cea-a4fd-244b8d71dc4e,Christopher Lewis,9896425328,rodriguezrobin@example.org
15b9c755-7d13-4797-80a8-11ad9732d22d,Jesse Freeman,(946)342-8925,robert75@example.net
c385d0e2-a231-4e3d-9f86-b84198afd475,Daniel Orr,392.845.1992x937,savagejohn@example.org
8465ba9d-db56-40a7-b8d0-6189f948fa2b,Kevin Manning,(533)978-6207,kmcguire@example.com
2257cf6f-d210-4c5c-9c75-2b0bfebd341e,Nicole Davis,001-420-443-9172,mitchellmichael@example.net
76ad5a2a-1cd0-4490-bfcc-dc58d1bf4696,Alicia Sullivan,001-205-325-5986x53149,hollyriley@example.org
8d45a9a8-18dc-455c-b188-9d517d4935d1,Rebecca Mccoy,349-219-1888x2595,watkinsallen@example.org
c9a60872-725c-42e0-a72c-f8ca6ac45d9a,Rachael Gray,(476)290-0729,natalie76@example.com
ca295046-0db9-42b9-8ff3-4d4482172f72,Lauren Sutton,(852)272-2351x43269,mullenmelvin@example.com
b018dcdd-1fc7-4732-8175-d40766a2fa02,Keith Kim,241.348.1225,allenthomas@example.org
f8832ace-5179-42ac-8706-4b159df6cb39,Aaron Vargas,001-827-425-9775x795,guerramckenzie@example.com
723f46ff-a6ba-412f-b66a-cb057363a3ab,Michael Moreno,(976)804-8712,ramirezluis@example.net
fecebf4d-b222-4f88-8cad-6563e718f4b5,Mitchell Shepard,254.680.0070x40910,cnavarro@example.com
d040270d-cb78-4bb2-938f-4c23837a0efa,Laura Jones,351.375.8419x25778,edwardwise@example.net
83af2bf4-469a-46d9-9d5e-c522f4828bf7,Michael Wiley,365.590.3360x50107,jthompson@example.com
acec45fe-f1bb-483b-bd67-b5c2883f417e,Thomas Dean,473-324-1205x433,beckerjonathan@example.net
6bc84923-4834-4265-959c-e4ee31f8d7d1,Adam Thompson,229-559-9850x0285,ccardenas@example.org
419c2d19-a03f-4b87-887e-dc14faf63b81,Michael Hall,370.748.7000,carterpeter@example.net
689712c8-8045-48ee-acb1-15ffd7d96015,Erica Brown,001-766-805-1438x5656,zshaffer@example.com
5a91cb24-7810-4525-af70-c868dc5bb201,Mark Wilson,272.737.7070x8011,kturner@example.net
383ab086-803d-485a-a754-6baec2829336,Carolyn Black,639.773.1803x56158,crodriguez@example.net
7bf21f64-cbad-44f3-8ad3-c187d099cd78,William Reilly,541-203-6609,danieldavis@example.org
e6b3882e-87c5-4eaf-96a5-02f0e7a5a198,Melissa Edwards,420-797-9480x045,jessica19@example.net
e86db67f-aee8-49f4-b129-b11efbb907ad,Gregory Weeks,899.642.6959x0270,johnsonjasmine@example.com
abdea600-77b2-4bdc-8c5c-fb10684436d1,Olivia May,483-788-1974x319,davisjeanette@example.org
da7ff8a7-48c5-4ece-a696-83f414292b5d,Dakota Sandoval,+1-577-465-7135x98617,cookian@example.org
7b6d6631-b764-4e32-aaad-264a6454b79a,Mr. Robert Jones,+1-658-807-3878x407,mariahyoung@example.net
23826c6d-3c74-4bfe-b3c0-fb39d347e9df,Scott Arias,645.523.8896x254,gonzalezrachel@example.org
c4bf23f6-93b5-4483-b6ca-3d70802c34de,Matthew Bush,(321)410-2091x78020,ffields@example.org
bfe842a5-7878-4315-bab0-1006c4c558e3,Jeffrey Hawkins,001-406-471-6917,denisesmith@example.net
9b119587-8845-4d27-954b-f5e068d9867b,Katrina Sanchez,9528018258,thomascox@example.org
c3a60b8d-4ea4-4f19-aa8c-ad43edc74b56,Randy Turner,(604)625-0371x6484,alexisjones@example.net
146826c6-f44a-4b18-bb70-5c3132813687,Miguel Smith,(455)950-9356,johnsonryan@example.com
209956a1-37cc-4d08-a86e-95501302b3e7,Shannon Ortiz,001-275-597-3432,jaredbrooks@example.com
e297360d-cd68-49ac-88a8-1a264f127769,Justin Long,6235556099,nmiller@example.net
a3887352-c9ad-4f22-9b0b-663c4b7e0dcd,Theodore Anderson,+1-414-541-4231x4951,vwhite@example.org
c2e8ff27-b2ba-4bc9-b5bd-a8b03912a033,Robert Alvarez,001-936-779-2471x4175,ryan40@example.com
47cea6f4-c6d3-4105-a8ea-fb365de691d2,Lori Hays,204.918.0948,aburgess@example.com
54f00a59-2aa8-40ce-84ec-ce457e9697c9,Michael Barton,001-200-210-8623x1626,corey48@example.com
659ec787-12f9-400e-ae29-e368624dc1c9,Devin Stanley,914.714.1030,youngkimberly@example.com
8e19aa36-1f04-4847-8a4f-aa6262aea612,Leslie Haynes,201-282-1271x78720,ilara@example.org
d32a8ef8-c3ae-48b1-a383-c03363184b8a,Patricia Johnson,(323)985-8369,obrooks@example.com
c6ed1e3e-9739-4d3d-9355-d2a0c90ce050,Jessica Bennett,001-634-587-7158,adam35@example.com
968c0157-864a-483f-b79c-c8abbb77480b,Kara Griffin,7086447968,troymurray@example.net
d5cfb4af-1263-4ddb-8cda-c6e245a97bb6,Tina Gallagher,+1-217-464-6175x570,jenniferburch@example.net
7a9ccc3b-b50f-40d2-931f-744a82fd8bf6,Becky Welch,400.777.8507x9346,clarkejessica@example.org
5d4c9075-9afa-4f52-bd48-9ddfbed91813,Sylvia Smith,6042347711,olivia65@example.net
b30a93be-69aa-4c8d-870a-64fedb4721c4,Rita Wyatt,001-912-210-4065x68403,walkerandrew@example.net
79d40722-a2b1-4d80-aed0-f4fe36d136ee,Ms. Julie Short,001-275-581-8196x4751,joshua37@example.org
dcb49e9c-47ca-44c0-88ab-a9d3df5de37f,Allison Cross,9585792289,ybooker@example.net
02cac90d-3ed3-4112-8ce8-18494a44fb40,Todd Evans,+1-359-526-8179x358,kgrimes@example.net
aef77edb-a7eb-458e-a276-d4ddc000d53f,Charles Cross,+1-893-929-8385x82190,muellerkenneth@example.net
92fdea84-57e9-473d-bd5f-8e5021f93562,James Rodriguez,+1-623-698-4999x2347,flowerskara@example.com
93c92ab8-387f-41f9-a87a-b10dff170437,Darren Anderson,(879)510-5462x16754,iburns@example.org
8680cad4-6e23-4665-af05-9ba441853b62,Shane Smith,970-927-3948,danajones@example.com
b68512e8-842a-4a2a-ab26-37b9d8c56878,Sherry Nguyen,+1-722-787-6980x01490,karen29@example.org
65b2bee9-ac28-4f72-9c1d-aac60ec5225b,John Collins,-4616,brettfloyd@example.net
5a2f350b-f646-4ff4-8d9f-faf8f696580f,Karen Jackson,(883)646-7185x2645,danielparker@example.org
aed8aade-9821-4f68-bbd1-913af2ba66e7,Jacqueline Frank,242.947.4312x5153,clayjoseph@example.org
833845c6-d81b-4008-a595-f2687c5ecf4e,Scott Lucas,001-289-311-1663,smorgan@example.org
c2e6c1ba-27eb-4b0f-9735-e58b136e8862,Billy Davis,248.353.0546,dwayne35@example.com
60adc63b-695f-48c6-88c5-dae4b119ef64,Lisa Simpson,8692886396,alexanderpeterson@example.net
47ae043e-5987-47ba-b143-ab56830f020d,Michelle Franklin,(691)314-7688x845,anthonysnyder@example.org
6f924c34-4da0-494e-9076-afdc5ae47670,Joshua Harris,(399)432-9293x8729,jimenezcarrie@example.com
3e789930-7b87-4e22-8413-fa1adacd0ee6,Leslie Patrick,838.278.5980x5103,smithdaniel@example.net
99972098-7039-4d28-872c-f16cb20b8edf,Robert Johnson,+1-478-592-9091x161,brownfrederick@example.org
64399e86-c70d-42be-a0ad-4a0682761a2a,Mr. Mitchell Stein,896.703.5846,carsonheidi@example.org
4a770d8e-97b3-4f9c-b3bc-4fee9cc0abf7,John Montes,633-490-5821x62526,ilowery@example.com
7d7266b7-d0b5-42da-8aa8-331fd856cdbe,Melissa Kirk,(386)930-8810x78654,jerrymartin@example.com
0b9853e6-b5c4-4ff6-9325-78d8a7fa1c5e,William Perez,534.366.5007,hernandezashley@example.net
f1d2bea7-6e36-4044-9f8b-1b027a1c66cd,Gary Wilson,206-536-6697x7170,thomaswilliam@example.net
89e520ad-7e10-449e-b5a5-67078efa7c26,Maria Bush,(240)353-9482,knelson@example.org
bb28f5e0-7a6a-4e91-8455-8eecfdfc63e7,Anthony Wolfe,227-221-3353x377,donaldreynolds@example.com
7d621d3d-fd70-4829-aaca-3203613ed7a5,Nathan Bradley,754-469-7312x849,rachelthomas@example.net
be3641aa-fb9a-4b6d-9aac-eb373756eab6,Angela Neal,956.338.1142,floydjoseph@example.com
af99503c-ff42-4f51-ae41-bb7a22110cd1,Robert Williams,001-916-790-3265x97637,emilymartin@example.com
85f541a9-51ac-4fc0-8c2c-df49c189c626,Robert Harrington,(362)203-6835,pennymayer@example.org
04bb027e-9d18-4856-a2a3-bb7795e691b5,Maria Rice,(465)463-5599x6101,parkerbrittany@example.org
6d6bdc1b-1ac5-4fa1-96a3-a429eb8079d5,Brian Zamora,(768)925-8016,traciesilva@example.net
58535663-879b-48b3-93f2-7898dea7999e,Margaret Nelson,863.599.0256x81771,michael71@example.org
6268d58a-c9b2-43ae-bcbd-cdb5802adca0,Kristina Sanders,393-970-6410x01741,johnpena@example.com
9ff980a0-eeeb-42df-ac0a-1ea195a3f609,Alexander Larson,2215656938,carolynmartinez@example.org
944ae779-696f-404b-a5eb-cc883f880e3d,Ashley Matthews DVM,723-213-9476x9167,jason63@example.com
0ea45cf5-8de6-4e50-b98e-6eaf64df16e2,Jamie White,+1-229-753-4279x8191,rwoodward@example.net
3d891fcb-4138-4254-b965-688480cd600e,Kelly Page,682-404-8181x8743,carrieowens@example.org
172e1bf2-294c-45ff-9afe-23985ad4dd8a,Marie Ross,232-983-4953x9903,richard02@example.com
c54721b5-618c-4dc6-bf59-da41d1cfe6b3,Lisa Jones,382.252.1665x77107,tonysims@example.net
57aa75ec-4586-4620-9195-cdfc34ac2862,Erica Phillips,(584)726-9686x390,xdonovan@example.com
db6d696c-702a-4535-9c46-76e4b4dde82f,Michelle Ellis,617-986-8085x3736,qstevens@example.net
af66fb4a-c1c9-480d-9737-b125110a6261,Christian Hopkins MD,001-511-456-5782x051,moconnor@example.com
34346358-f33f-424f-8a6d-7f9dadc8f7e3,Laurie Beltran,432.797.5433x9016,brownmichael@example.net
695217be-ec75-44f7-81a9-93d7763bf9a4,Stephen Ford,3084085763,timothy59@example.com
4c3e9ad8-3895-4e56-aefb-048769229962,Alison Lamb,001-475-992-8888x140,abrennan@example.org
11d5327f-bf10-442f-bf93-b33a06695c47,Renee Osborne,320-773-6898,oevans@example.org
6b54a218-e134-451d-a357-069a5e648d75,Ronald Bates,311.816.3850x08890,pamela59@example.com
9721147a-a86b-4a7b-a2c1-e278bdd5ec9e,Andre Calhoun,001-767-751-3556x5120,danielleesparza@example.net
accbe73a-8e32-47b4-b58f-74ac8071e86f,Carrie Henderson,334.329.7215x8655,trujillokristen@example.net
dc3596d3-7472-4862-b7eb-283746bfb383,Lori Macdonald,217.953.9659x2128,sandra00@example.net
b8a576dc-954e-4a09-97a1-4a2bfa4ce58d,Ms. Amanda Thomas,508-649-0887,ewilliams@example.net
482c4fc7-496c-4022-808f-c49032aab66f,Daniel Mason,669.562.6660x861,bbryant@example.com
3e70a760-c59a-410b-b00d-33962b4e9555,Troy Gibson,(846)361-3468x58962,laura41@example.org
1c1217f0-b6cb-4d25-9d09-271b35e126c7,Chris James,001-522-890-1677x410,byrdtiffany@example.net
da0c5725-d6ce-4622-8f3d-c18a7fd382c0,James Mills,(324)483-2164,samuellopez@example.net
3874f3c1-da72-459b-b009-9a7e349bb42f,Mark Nicholson,001-497-567-0280x043,mandyward@example.com
adb4cf12-00b8-4583-a09e-16307b50a043,Tamara Williams,001-691-904-5276x871,twallace@example.org
7c90c134-2692-427f-93a2-c06ff86583c9,Ashley Morrison,631-217-4618,heatherlee@example.net
139cc6e9-e1e1-4561-9e0b-d116684cf024,Seth Chapman,529-703-4825,schneiderkimberly@example.com
155be221-a718-4056-a317-a5f54ffbd849,Penny Jones,561-862-1530,matthew83@example.net
3f32fc62-1642-4f68-85c0-7dcfee7cfa0a,Nicholas Gonzalez,001-239-570-1685x06659,csullivan@example.com
5b978347-fd56-420e-bfe2-447b41d38421,Joanna Willis,-6294,kschmidt@example.net
fa62044d-1fc7-4fa6-be24-16e2c64ec8aa,Belinda Morgan,3376283895,debra00@example.org
88083bef-5682-471a-b262-0f916ecc0086,Deanna Butler,203.714.5157x321,xlin@example.com
fa0e3be2-79de-497c-9ece-5e0eff3a8940,Elizabeth Lopez,(718)609-7497x87011,sonia42@example.org
b4e18f2c-c15a-400a-85ef-dc78bdbb0514,Amanda Preston,-4465,sweeneyjillian@example.com
f766af1c-41e7-4dcb-b915-adc3e358ce38,Jason Wagner,4147766762,larrygarcia@example.org
de84a386-4f64-42fd-bd28-b270b57ef597,Megan Walters,+1-416-270-5511x04818,ann27@example.org
3b800567-dfc5-4d7c-be7d-5e6ee441b3ee,Michelle Duarte,669.516.0275,curtisjohnny@example.com
7978b668-049f-462f-af25-13ad3481ad4f,Francisco Adams,764.738.5616x99940,john16@example.org
92614253-d6dc-4516-9000-8c8579136f09,Samantha Archer,+1-763-788-8740x0871,kimberly90@example.net
b41d3bcf-58e8-44ad-9890-95b629c70231,Pamela Thomas,924.389.1204x7053,reynoldsjill@example.org
49409b89-a4b2-42c9-a6d7-e8146bf1d70e,Brandi Wright,408.344.3044x6094,david17@example.com
6605b656-6e4b-4290-bc59-d5c0eed38185,Jessica Williams,(658)887-0553x37489,zhiggins@example.org
45587652-dc83-422c-83ee-47d713c09a2a,Marcus White,867.715.1564,kristy83@example.org
3aaa8282-bfb1-4c27-a0bd-c4b628211ed3,Erin Greene,609-436-5619x41135,schultzjeremy@example.net
165c1dda-e29d-47fa-be9e-60840776c561,Bridget Cooper,9669590771,emily46@example.org
6394f35c-7746-4a95-aca1-4ab4abb828cd,Leslie Schultz,742.994.5436,james67@example.net
58aa7f47-a8c0-467e-aba7-44603fb9b7f6,Melissa Gaines,001-208-872-0515x681,tblair@example.net
df4fe947-cfb7-4424-a8d9-d7584d1dd814,Anthony Chase,+1-700-958-7176x58883,ubeck@example.org
e9bed710-585c-415c-a34a-35b09db9a3d9,Ashley Webster,9933090165,goodalyssa@example.org
e56251c5-6b96-456c-a293-4889aa9dd602,John Jarvis,448-241-4734x08470,harrisnicole@example.org
df9990da-29d2-4904-a466-bcbfdb080c32,Amber Hall,+1-382-548-5919x7772,michellechase@example.com
3b2db25a-f664-4c2b-835b-46286b6fbe54,Devon Galloway,001-402-368-7967,aromero@example.net
620ca6ce-ab55-4de1-8f35-5384df2fb42e,David Turner,751.437.8838,tammyreeves@example.com
e963228b-7479-465b-98ba-c19fcfceef53,Christopher Braun,-9483,hayesmary@example.net
fcb0abe0-2904-40d1-8183-e4dfa9d2a3fe,Laura Hunter,(614)680-2235,pcollins@example.org
8a771d70-7f64-4fd8-8e5d-2880ced35fa4,Cynthia Leach,231-822-2678x51003,smeyer@example.com
87c8248c-b958-4778-ac39-9f97494de309,Gregory Schneider,649.853.0587x642,rayjoshua@example.net
eb16b8da-4690-43d5-b574-76c48b3ddcd0,Margaret Gordon,(666)645-5252,stephenguerra@example.org
a669bcfa-d4cd-4164-bbcd-7cf40becff6e,Dawn Burns,426-489-8854,nancycox@example.com
f7ad01a2-a5e8-4460-ae59-7e6e6e88f9d9,Mrs. Tricia Morrow,(889)466-8481,tsmith@example.net
b5ebbbc6-2fcb-45cb-8215-0c5098e16777,Phillip Marshall,370-910-4867,iavery@example.net
5c62eb90-80e6-4161-893e-18d38e12c4d7,Frank Sanchez,001-964-818-2522,shepherdbrenda@example.net
ec9d85d3-197c-4b89-9130-c8421011f031,Christopher Coffey,817-994-4409x5154,lmalone@example.com
9f8e97f5-23b9-4034-9b84-b15eb55dd430,Judy Morgan,(481)801-5184x97346,abrown@example.com
83b32961-0ce9-4a95-9e54-2ac5002cd5ef,Jennifer Torres,+1-469-321-3035x866,courtneyperez@example.org
ea2481b3-8fb1-4017-aea3-487721dcedce,James Malone,(928)593-8729,conleymichelle@example.org
907705fc-82ce-472f-bd45-c184282af932,Richard Johnson,001-865-743-2427x64851,thale@example.com
c775b360-f731-4d88-9cd3-fd56fb031378,Paul Figueroa,880.862.8598,schroedercarrie@example.net
cf455ad2-7145-48e5-8100-4fddccdf5f35,Kevin Schneider DDS,7357130320,nguyenjessica@example.org
2fb557d2-bcbe-4447-82da-aee269893f3b,Diana Morgan,393.938.1684,james96@example.com
7affb7fd-e73e-4051-83e2-4191b25a9e24,Mrs. Kelly Johnson MD,922-586-5192x577,cookstephanie@example.com
43b5fa73-da36-4d69-ae3e-540d71c20814,Linda Wilson,(508)362-0770,shannon74@example.com
b3a04191-a9ef-4644-a22c-5b52b9e02c7c,Michelle Stevens,522-656-4223x9436,kyle94@example.net
6126bd41-2abe-4301-8343-3200b4b78380,Seth Jackson,(845)796-1884,joshua94@example.net
1bc186fc-24fd-4307-82d4-63ceb0350c74,Kimberly Mitchell,8112640333,williamwhite@example.com
d06e1faa-278e-41b4-a4e1-2efd20c7d25d,Brian Smith,548.774.1304,johnny91@example.com
950aca54-c572-4428-951a-a67845cb665b,Toni Cortez,471.206.8072x6226,cathy80@example.net
1b752e1c-06eb-4d30-9c1a-22bda4ceae68,Omar Mann,856-470-8241x87939,charris@example.net
5e7934d0-eb67-43e1-9516-b543dd0022b7,Mark Webster,4494081880,mckinneylisa@example.net
46d2b63d-e8a5-48ff-9d61-e88bb93d0185,Tracy Miller,365.503.0325x656,markthomas@example.org
3c914fa3-f3f5-4f28-b0d6-e6eee0192f91,Nicole Norton,512.940.9186x2588,patelstephen@example.org
e21c99df-d987-4f0a-898d-62972b75caf2,Kirsten Jones,552.612.9128,walkerpeter@example.com
ca9f4341-cb16-451d-bdb9-8f876eb33c21,Ronald Mcdonald,394.340.4392x445,frank02@example.org
aadfc948-9e4d-431e-9065-2013c53f7931,Claudia Reynolds,+1-719-249-3969x35775,jonesdaniel@example.net
01232a06-c0c0-4e3c-a833-cec7a0206e12,Lacey Garcia,001-631-703-8259x9440,marcusho@example.net
18a13f9e-ad1e-4538-a370-db6e675e3fdf,Edward Johnson,001-556-968-1167x17001,collinssarah@example.net
13ae0541-3143-4210-bc24-cf3b2951a056,Glenda Anderson,(462)682-1289,mason14@example.net
a0e5d88f-554b-4cdf-9fc0-16aaa339c51c,Edward Ford,+1-323-299-1716x79215,juliawarner@example.com
7e20d8b1-cb4a-435a-b8cf-305c08b1b0b9,Belinda Graham,757-446-0715x2303,caseysanders@example.org
7112f442-e61d-476c-98d4-cf1d48e362c5,Alexa Tanner,867.519.3846x943,xwilliams@example.net
92349d08-99ce-47a9-b517-c377464357ec,Harry Smith,365-336-5473,edwin51@example.com
f7952494-cd84-4e8d-86f5-aac0c1b8c971,Philip Allen,394.742.3788x0172,hannahstone@example.com
558726ac-7c0e-49fc-948b-f4668688e992,Jason Arnold,411-219-4302x0144,wilsonjames@example.net
70fb601c-491f-452b-aa17-d76b67f1d690,William Rogers,771.680.8297,karen70@example.com
1f7f8e95-bdba-4764-ac6e-c8325ac6b2a2,Tara Romero,858.550.8660x74781,ericgill@example.net
11df335b-a136-46bd-aee3-65f750fac860,Daniel Smith,(796)986-7966x81399,georgeporter@example.org
0a8f1122-6318-4a7e-85d6-7ffc25ddece7,Jose Scott,4765011990,tamiwhite@example.org
a85b4e1f-b86c-43d4-8705-6e4a782170db,Ruben Leon,327-435-5640,msmith@example.net
1168ff28-e7ac-4b1d-9ca1-f5c4fa3385d2,Jessica Daugherty,6769161090,allendebbie@example.net
742c9740-e295-4d98-887e-714fe1e098c3,Amanda Phillips,632.581.4332x94235,thomas74@example.org
6eb2251c-3580-4d6a-9f95-a355196d7275,Jason Monroe,451-775-5488,savannahmaldonado@example.net
c93d5526-1fec-4162-8063-b35fc232274c,Eric Prince,523.643.1754,curtisolson@example.com
b1f0a1eb-c3e4-4cdd-8976-aec5b105abf7,Ashley Griffin,507-624-5200x701,xwiggins@example.com
e46d51a7-63d0-4e53-a6cc-bbce6c288f79,David Schroeder,(382)383-3902,trevinotyler@example.net
0a18c63c-2c6d-4c21-8568-2a4a4847f1aa,Amber Wright,(840)661-3182x8126,jjohnson@example.com
b37aa670-4f85-476a-9476-3c1448512d0e,Ashley Young,001-221-216-0982,megangreen@example.net
32fee4e6-41da-4357-9982-7cf8db75660e,Danielle Henderson,001-261-442-6003x6481,pinedacolton@example.net
5736924b-1b46-4936-8dfd-ea0b8c765696,Kathleen Perez,(660)660-7686,jacqueline03@example.net
d52ba703-a5b2-422a-a141-602cc093ba7b,Timothy Kirk,6865966825,dhuff@example.org
e07838c0-c47b-4900-90d9-2cd42eba546b,Ashley Martin,001-771-940-4114x47773,kchung@example.net
7abf4b3f-2cac-423c-ba04-3fa500556ead,Kenneth Campbell,5496150402,yschneider@example.net
07bcc753-b68c-4b28-b682-be229d35980b,Marcus Wade,001-804-368-3945x384,wknox@example.net
4e7a8353-7871-49e6-ba6f-425d6a1e988c,Barbara Ellis,001-745-266-9162x30270,jesusmiller@example.com
60b49121-85d8-4d42-80f1-a8c6ea183c1f,Stacy Black,596-421-6167,davidcollins@example.net
d7c6ca11-8d64-4be4-a3a2-150cba280c06,William Carlson,-9794,robertmontes@example.com
903180f5-986f-429d-b091-3ca5f4ea0c7a,Tanya Cuevas,778.203.4582,mendozamark@example.org
ec6847d5-144c-42b1-b541-a47ef3f1bd9f,Mark Miller,+1-964-624-8725x734,kevin59@example.org
c29d93d6-6a6d-4bd9-9b2c-e04e2cfccb50,Kevin Small,001-227-249-4611x987,amanda58@example.net
ca34e016-34b7-41de-b6c8-909aefb96ca7,Lisa Taylor,281-941-4887x5282,nthompson@example.net
38a37464-5981-498f-8a1c-d3b66215bdd9,Eric Fowler,-4799,erin86@example.net
57e32177-e6d7-42fa-bd0f-e53089e2e794,Jennifer Randall,859-923-0225,anthonyharris@example.com
ba60346d-fadf-43cd-b2d1-6acd70453f9a,Regina Blevins,(299)275-4818,floydcole@example.org
64a4ca49-d802-46f7-b78c-7620daa9967c,Gregory Mercado,(321)940-3819x1917,andrew91@example.net
1c51b645-89ad-4736-807d-fb9704dd242e,Nathan Alvarado,001-654-554-0459x4764,wbuchanan@example.org
23e655fe-6189-400d-9756-2d5d4d8f5398,Danielle Diaz,698.494.1091x53383,zschaefer@example.net
da12073c-dc60-45c8-ba04-fbdbf72561fd,Ashley Palmer,001-396-824-0071x703,lsmith@example.org
f51a4f35-37ba-476e-82af-68dc0c51a32a,Sharon Maynard,7484779485,robertsjason@example.com
c6b8a94b-bfa4-479c-a52f-deb4746e210d,Timothy Jackson,947-592-8094,wagnerkevin@example.org
6d3b954a-586d-48d6-a0fc-2ac39512b304,Rebecca Gonzalez,878.356.2153,kylebeck@example.org
74c42776-a8a0-44a8-b894-507db4237633,Travis Solomon,-9170,weavercameron@example.net
9548c0bc-84d1-4acd-a9fe-374d1ab79f68,Michael Wong,395-770-9772x0001,randall54@example.org
d1156a0b-d3c1-4d72-9464-d9da886e4c6a,Anita Flores,-7340,adrian13@example.com
a9bc82fb-75cd-4425-b265-6907525176d6,Shane Rose,001-661-408-6703x243,sanchezjenna@example.org
6fbe960d-d39b-4f6f-9a10-4d021723f731,Nicole Lewis,001-373-957-1345,ylandry@example.net
3f5af135-bad0-49ff-b8c7-db62b613f266,John Sanders,465.248.3994x85979,julia28@example.org
09db581a-639f-48cc-80df-f3cc99ce5db8,Timothy George,+1-378-963-0242x8461,paul02@example.com
b8c249b1-c579-4e5e-9bc5-9302b8c67611,Dean Lane,(407)809-2922,michaelbrown@example.org
daa2bf26-6e28-4cb4-824a-6f344fb67e45,Alison Pena,(793)492-9530,jbryant@example.net
cb42306f-c2c5-4c54-b037-d1e22ee3422e,Wesley Perkins,(752)336-0706x0024,adam51@example.com
ace5b7d7-83bf-4dc1-a357-f8a4c71cfd23,Thomas Gray,(298)767-9602,russelltammy@example.com
787213fd-9cae-49e0-b5a8-cac21cb0264d,Terri Wilson,5938677810,brandiharris@example.org
909247dd-38a8-49a5-8033-1d133e372965,Kenneth Jackson,(413)312-3846x07790,marioturner@example.com
977b6e7b-ee14-43a0-8821-7c053ac24847,Logan Wallace,+1-209-432-3822x502,bakersteven@example.net
66df16d0-9e12-4066-a676-98cbf847af42,Randy Morse,-10961,paulaphillips@example.net
942aa966-5f6c-4b5a-a216-abc81bc4e384,Robert Watkins,897-994-5067,gstout@example.org
de55111e-97aa-4b4e-be90-73904ba201e9,Kevin Ali,001-417-710-9553x245,taylordominique@example.com
3d4bb87e-b6a4-427e-80aa-f1ccdbeb8e67,Alex Perez,205.359.2875x841,hdillon@example.org
57db18f1-a50a-49e4-89f0-271e0a101d6a,Nicole Fox,(712)285-1711x1939,christopher62@example.com
a90c2e8d-0eb0-4726-be2d-721e2567bb62,Scott Kirby,(734)476-3298,larryroman@example.org
eb431a59-ff35-436e-b463-11419d9eba4c,Daniel Merritt,862-861-7309x8673,jeannejones@example.com
151a2469-e3f0-49cc-8ffc-23452c15e7a4,John Hensley,(392)379-6223,mrios@example.org
37560d09-12e0-4243-8b0a-300882592377,Daniel Atkinson,001-703-788-7874x93384,smithamanda@example.net
ee22558e-5a2f-4a26-9ec4-c7101442bdc7,William Madden,882.865.2970,ronniemyers@example.org
9f7356aa-1eee-48e4-8917-58ffd36c980f,Melissa Mason,001-215-244-2444x26893,emilyphelps@example.net
68440587-f741-47b2-94bd-b1da9284cfc4,Leah Robinson,001-754-778-4764x92028,scottsosa@example.net
db290f1e-1ee8-4f75-a284-9cf9fc902a0c,Erin Ross,683.418.1735,kathy81@example.net
ce72b40e-9517-4cf3-83eb-4e6ff3ea3b85,Charles Lamb,+1-585-580-5926x4136,lgarrison@example.net
60c94354-6d6e-4603-ab51-be9aaa1993ad,Monica Hudson,001-796-580-7279x3148,rlarson@example.com
aa32a64e-51bb-4d58-aa74-bd63c5bc0d04,Steven Wilson,001-685-244-4370x448,lukecarter@example.net
bdacaa17-7d71-4f15-a4a0-244f2c2a82a6,Lindsey Mitchell,-7880,gabriela00@example.net
059a4b55-1e68-443e-9c07-23991098425e,Christie Mendez,001-656-421-9892,ferrellevan@example.org
61df3f71-93a3-494f-9270-2bd1f468dc85,Rhonda Combs,631.644.4712x914,robertcampbell@example.com
2578d2ef-e622-41c8-bf86-4395ed7911b4,Pamela Farley,745-612-6401x5767,ramseyjeffrey@example.net
ace223fe-6b4d-4872-8730-f4a89b0e2d3d,Barbara Marshall,001-650-688-8034x9850,gmcfarland@example.com
aeb0eefb-8f8e-49a3-a01b-25ab099b8a16,Colleen Russell,(804)266-0762,othompson@example.net
5f8673fd-a938-4462-9754-4038fae327d4,Jacob Brown,378.399.8855x3040,asharp@example.com
6fa72819-d939-4105-be50-fbc87d33262a,Kimberly Abbott,(971)291-2996,eugene20@example.net
218fb58e-4b7b-4b5e-a723-8dd17a871dcb,Isaac White,299.895.0266x890,erin94@example.com
4324527c-b090-4927-a123-18fef41d7a5a,Erin Russell,(991)690-4620x91884,moodymary@example.net
c123274d-0616-4ac7-aa95-31c5ccd51efb,Tracy Wilson MD,(325)506-9034x177,bbradley@example.com
c1b33ee5-bef7-45c6-b87a-b1b483eff8d7,Brian Moreno,+1-580-660-7986x640,william79@example.com
24709bc1-3cec-496f-bbc2-882876c06ddb,Debbie Miller,(214)371-2132,tonismith@example.org
192c28b0-7d3f-4cc0-ba7d-9a68655eed9e,Barbara Wise,(760)278-5684x01875,hgarza@example.com
d9783f18-c920-4522-ba26-ec3fa9d5a93f,Danielle Morton,419-501-5234,jameslee@example.net
8f3706e9-168f-44f3-989c-f2d3145b0fd8,Bradley Ayers,7668892821,robinsonrebecca@example.net
65e1b212-6920-4fd3-bfd5-a099a1792b5b,Nathan Brown,001-932-351-0431x797,laura81@example.org
5c83699d-0c00-40e1-8297-a67c60d80f0f,Colton Wu,(405)826-6221,jessicasullivan@example.net
6e68afd4-cf69-49ea-9e4a-25c5ff1f6ff8,Bruce Gross,902.564.9583x2370,hkhan@example.net
c8bf61ce-7704-4718-a56c-bc55b8648adc,Matthew Cardenas,749-957-8731x768,johnhoffman@example.org
6455c3ad-5975-4625-a4fa-ad31fddce444,Gary Edwards,+1-299-573-9506x89050,garymeyer@example.net
6560c4c3-0799-4eaa-ac12-993581b4ab9c,Brandy Mcneil,+1-563-499-8810x44096,vickihill@example.org
fa5162e7-f10d-4221-94da-16020d550896,Renee Wilson,5525939367,stevenhoward@example.com
4302e4ab-7bff-4284-96ab-ec3867c77c54,John Harris Jr.,+1-399-239-5814x471,davidwright@example.net
03bcc0b7-4b47-4cac-8be9-59f3401b635b,Teresa Taylor,752-707-3492,kwilliams@example.net
8be319c0-7b8a-4982-9934-c3d676df9fe1,Jessica Wiley,273.647.2401x94266,ashley58@example.net
2f9f2669-44fd-4da3-9278-a8f0753d0120,Tara Davis,646.984.2178,codywilson@example.com
b9a64a2f-d8da-4fa1-a49a-d83fde501f87,Paige Graham,7923545636,thompsondeanna@example.com
30296f9c-6693-469e-9a24-db62d3f709df,Jennifer Johnson,(601)575-2020x7725,matthew35@example.com
3486e46f-ace9-495e-9d9d-5c53b3dc0724,Nancy Martin,631.818.8040x52729,xalexander@example.com
446ac213-19d3-484b-bec7-f29b6cafecbb,Alexander Holland,(317)662-7366,marysexton@example.org
b6df8ed3-a5f9-4b0d-b805-5e2abd0505c7,Emma Smith,(514)730-0096,vwang@example.net
cf6f4901-2447-4661-83c0-12ccb4f191f0,Kevin Johnson,5386806413,robertedwards@example.com
ff05d1a9-f5b4-4897-9fb2-6fcd69ccbc1f,Rebecca Luna,(263)738-4316x231,vjones@example.org
7a553344-4ae4-4ed2-b19d-9f21050645b0,Logan Watts,(495)274-0933x90016,grantmary@example.com
b9c5189e-4260-415b-9beb-8c765fd9f938,Charles Sloan,225-571-2628x854,john01@example.com
e4b6147c-f31a-4d87-9a44-df978b16fd40,Karen Noble,521-549-4319x96160,agregory@example.net
e3e2c886-d6e8-401c-8221-3ff59850a200,Brian Ross,+1-741-721-4961x569,pfuentes@example.net
ce6c0b6c-db9a-4f0c-abf1-49c286db779d,Kimberly Phillips,001-886-704-9511x10063,michelleflores@example.net
1d0dd009-f056-46c4-baa6-6f40407d7bbc,Joseph Mcdonald,832.408.3022,brianhernandez@example.com
a911da56-79e3-4761-997a-60fc834d4c3d,Sara Johnston,465-469-5991x07673,solisgregory@example.com
48988e07-b334-4bca-b15e-6e66e65e7741,Jill Lane,(918)227-8350x69737,rodney03@example.com
b42f257e-add2-48a7-9641-0e06d6e6bba3,Melissa Stokes,(340)424-7023x2632,gherrera@example.org
f8810d6f-62a9-4a40-88c1-afcbcd23f6a5,William Peterson,317.769.6891x285,frederick79@example.org
14da0cd1-e951-474e-9ab9-1db48f3e92a7,Heather Mann,(763)365-0705x341,richardgreene@example.com
7222a654-b765-4e0a-8bec-2a43be3cd0e3,Robert Wagner,966.601.1933x92092,apruitt@example.net
13b6903d-3fdb-425b-b47c-3368d282614a,Nicole Smith,001-327-209-0979,jholmes@example.com
6e678e84-ab97-4e9d-8576-7321c8f61bb6,John Porter,821-697-6224,dwolf@example.org
4306732f-d431-4630-bc1a-e5ab8c4d0da2,Charles Johnson,(405)984-9715x202,aevans@example.net
98596984-25fd-43b5-984a-c25d0506456a,David Fuentes,-7589,hbeck@example.com
12450fbe-93f8-4785-9679-ed3a3f43f96f,William Perez,601-685-6184,hawkinsamy@example.com
af914203-eac8-4a04-9c14-d792a8f3337c,Christopher Wall,4365728986,perryjeffrey@example.net
7da6f866-d436-41f3-8f97-aaefef5fb006,Terry Williams,612.248.5181x12254,jbutler@example.org
3522c1b8-2637-4018-b891-bfe6053dc623,Andrew Brown,+1-401-420-9823x325,jorge55@example.net
7204abe1-e46f-455b-8b35-6d8763b379c5,Amy Bradley,662-380-1865x40530,hnewman@example.net
65b08c18-0e6f-4566-a435-f99d25baa987,William Peterson,227-931-1886x22167,derrick73@example.org
f7953178-d458-4249-9309-33f62ce80d54,Lindsay Newton,478-341-7482x4416,dawnsmith@example.com
03bc5fe6-d5f7-4b62-98eb-216d4135f115,Glenda Perez,+1-956-612-2538x329,fmercado@example.org
a9fc3755-5f26-4756-9948-74412134f92d,Kimberly Barnett,-7603,jamie36@example.net
1b2978d1-a594-4ae6-90bf-d4eb8fd2dcbd,Nathaniel Knight,522-906-4783x53927,brobertson@example.net
586d1691-4396-4e5b-8a0a-cfc520447415,Robert Rice,954.667.1655x66970,skennedy@example.com
728b731a-0f03-45fe-af86-39bdd38240e8,Ashley Sanchez,001-675-830-0318,johnsonamanda@example.com
586edf63-babd-4f72-a721-e5d830dc9b44,Molly Black,001-438-712-5370x836,jefferystevens@example.org
50d71b7f-ac4c-4f07-a0fe-a7be9e160f75,Justin Griffin,805-612-5908x113,sharonlee@example.com
ec9aed25-1ac0-4a84-ba74-96a7aae6f5f3,Matthew Schmidt,(435)968-6767x5096,tim61@example.org
2348eca5-2416-464a-bd63-968b8456052b,Zoe Werner,876-638-4962x941,jrivera@example.org
365a00db-ba5a-4e22-bd5b-ffa67d42317d,Alexis Underwood,001-428-568-8369x56002,imontoya@example.com
6e4de20b-0267-4208-8cea-2f583e5a13a9,Christina Barrett,719.515.2965,thomas27@example.com
a4f47be9-3e12-43af-ab79-a321246bb895,Andrew Fowler,7015755688,marcus48@example.com
d9b9cdad-e10d-4b6d-94a4-eae8e45d7a4e,Darryl Jones,371-803-3794,fosterjoseph@example.org
f0c85f68-8e8a-45d0-9fac-88a221c88cda,Michele Marsh,327-540-6148x9325,wgarcia@example.net
0836f944-bfcd-42bf-bf6f-3882b6bbfcdf,Jennifer Sanchez,7695399152,johnjohnson@example.org
60a4bf5f-adc6-4066-ace9-81fdb4db5073,Donna Gordon,(652)945-2661x8672,sbooker@example.org
e1b01e1a-0b4a-4765-bd15-306558df4c5d,Keith Martin,592.930.0099,cheryl50@example.net
69b96efa-42ca-4ac2-8a01-b3011c0a901e,Adam Jordan,(838)698-7318,dbrown@example.com
d71eda56-87d0-4a78-97c4-2ad308d5efbc,Curtis Berg,987.565.4188,vincent93@example.org
8d9e94de-efd3-4e84-872b-f66bba8738b5,Melissa Matthews,001-865-560-4524x2474,vaughnjade@example.org
3eeede9b-b3d1-43eb-88d5-db84b379b690,Daniel Rhodes,219.956.8328,hcox@example.org
b4acf4c8-a2a4-4cae-bade-857f76917ed7,Olivia Castillo,840-854-9827,xgentry@example.net
a2654f08-6977-430e-bea6-8f20e44fd1ab,Kurt Hicks,001-614-341-0964x453,joeltaylor@example.com
1ade33dc-a84b-4cab-b031-c386a9018f65,Lindsey Solis,958.723.4017,umcdonald@example.com
28653bbe-255b-4e36-8928-c5407ed8f5c3,Karen Vaughn,(656)567-3302x986,christopher61@example.net
8d49d41f-7a43-4965-ac8d-08d51f0e8d3b,Lauren Lewis,954.590.4615x7865,norriskenneth@example.org
ce286c55-375f-462c-9300-1f2fad073fc7,Gary Bauer,639.990.1461x89920,chadthomas@example.org
871cf90d-a770-40c5-b9d9-fecdedc4eb3b,Julie Hanson,(727)735-8919x3684,amy06@example.net
0ce44c63-cec3-4d47-862c-5d8fe8d05f91,Nicole Bryant,906.747.7841,debramarquez@example.com
8fafef22-61c4-47c7-9a70-e78ca8c4e913,Katelyn Marshall,701-898-3404x39758,martin29@example.org
102dd3d7-5371-43ca-a77e-0c9acc55da38,Denise Morrison,(604)982-5602x7943,bonnie57@example.net
486b0458-bed5-466b-be1e-dc18ebd84626,Tina Chan,9568163977,foxronald@example.net
c0e02529-ca72-41e3-96e0-a4f46aa3f633,Gabriela Flores,(385)889-1674,fguzman@example.com
0632e0bf-ca9d-4051-bf79-fe4672b43ac8,Gail Poole,548-334-0593x0989,amandachristian@example.net
d2c1d918-7cd7-4339-b0ed-dde270d6fac3,Jennifer Young,001-778-457-6056x00357,rreynolds@example.org
56b20826-c440-460f-9df7-5e8b11c637b1,James Wallace,+1-525-348-3244x8622,osnow@example.org
eb34eb2d-b0c2-4299-adb3-138dfd82415e,Robert Peterson,206-699-5621,clinejesus@example.com
8bd906db-bc29-4e17-b5bf-2e7f3648d5ee,Patrick Garcia,(821)261-9617,walkerjoshua@example.com
f08199bb-a863-4650-8974-8aba99bcc2ff,Sierra Armstrong,750-705-8512x6331,sryan@example.net
7fbfd8a6-269b-431c-a9b0-7c7b6868aad8,Rodney Brooks,-11063,jameshanson@example.org
310f7521-973c-4e3f-b77a-48134b9601fe,Douglas Kline,+1-354-984-4616x223,caseymyers@example.net
6374f041-70b9-439b-aa0d-4d675300f8a8,Elizabeth Palmer,6875899789,john02@example.net
5b6706a5-c176-4192-b858-17c3eea47d41,Brittany Daugherty,(586)312-5807x8499,alexanderjessica@example.com
70abbd81-f493-4953-9c1a-b6c1c592b951,Elizabeth Pham,614-460-1595,srice@example.com
5f05f430-dfad-457b-be20-3ed2daafd8db,David Martinez,650-667-6971x404,tallen@example.net
baf8f7b3-fdf9-436c-87c8-0d8e39e2924a,Austin Bryant,001-404-821-6822,wallerjennifer@example.net
182b26c4-e661-4221-94b9-9aefa9dbd6ca,Brittany Sanders,539-820-3773x289,eric53@example.org
d8fab519-da9b-4451-b225-fa1220f50db6,Charles Reynolds,3362219313,powellnancy@example.com
98d7027f-793e-4ba7-b5f8-2c9e7522c1d8,Robert Luna,(540)250-7840,stacey39@example.net
0aacf310-f32d-4037-b815-5b72af4e3aa4,Laura Patton,564-857-8403,pmontoya@example.net
5d946cee-e657-4c89-8907-cd2dfd56b8e0,Sharon Scott,+1-893-925-6880x713,hernandezderek@example.com
a1a9037c-0460-4e55-8c72-4ae12777e8a0,Catherine Jackson,801.330.9295,brownkevin@example.com
716b010c-1472-46a2-93a3-659213c3dd1b,Jessica Snyder,223-789-7797,alvaradorobert@example.net
031e3a3e-2a13-4f7c-aef5-d24448940019,Paul Nichols,001-920-289-9440x81775,samuelnovak@example.net
4a710561-1a3f-41c9-b967-691ad744db4b,Karen Butler,001-965-318-0186x993,crystal93@example.org
739d7c1b-2de7-4d8e-889b-00f6dc00b7b2,Jason Garcia,226.543.5495x3105,moorelaurie@example.org
b05e541c-2ee0-4e79-bf2f-6e29be67ea3f,Erik Shea,(845)639-3259,robert29@example.org
706815a8-5bbe-4193-9e70-9401a0f908aa,Jacqueline Lee,(627)687-1560,tracybrown@example.org
ea8eaa5b-f3bd-41e3-8d5d-d0f8584e46f4,Jim Freeman,7462785597,thomasgeorge@example.org
f9cf7c1c-5f98-43a2-869a-a12a2c330d5c,Jerry Jones,(272)583-2478x10276,mschneider@example.org
e0f34010-d079-4666-ae41-a7be0acc2f27,Michael Hicks,675.610.6812x024,jacoblamb@example.com
276aaa7e-6ec5-4658-b3e7-27535149c7bf,Mr. Jeffrey Mckay,001-554-639-7979x8316,zboyd@example.net
630d096c-76d3-4365-8cf8-053e99a96b6b,Gary Ramirez,8044163360,taylornicholas@example.org
43183638-d6a5-4261-969d-cfd851c05efa,Michelle Torres,361-626-6992,aaronanderson@example.net
2761ea3e-d498-4909-9994-fdbb7804e7f8,Jennifer Johnson,+1-340-243-9321x624,yclark@example.com
8382411c-4864-4a00-862e-bf1fe95fb154,Robert Black,218-679-4776x336,zwhite@example.com
b7ebea78-3ae4-499a-92d9-4230f6ab2703,Stephen Cook,(373)749-3472x313,colton17@example.com
13520fc5-53f7-4479-8122-fcc7f2be9a67,Daniel Benson,440-479-3056x0316,karen42@example.net
b84f912a-e3b7-495c-9b3d-0b7bccfddea9,Timothy Simpson,(815)610-7927,kimberlycollins@example.net
67ea4cac-8d68-4491-bb4c-a75812bb5927,Robin Vaughn,319-615-8720x5393,rsantos@example.com
8a0cf689-df61-4ad6-b9b8-3429ba01c698,Anna Garcia,561-995-2620,markpatel@example.com
dc5137ea-6c21-4a25-87fd-bb8d2c42adb5,Timothy Leonard,390-206-8210x63156,andrewbautista@example.org
f6b35b3c-8419-4955-825d-90fdc4926c45,Kristin Skinner,+1-292-573-8760x50384,acevedoian@example.net
0755d412-2d1d-45a4-882f-7d63e25e263f,Margaret Smith,(773)979-1281,robert90@example.com
315fc95c-189d-4267-8334-07288d1ec5a9,April Washington,416.564.8447x22466,huangrobert@example.net
66b48d2d-9576-41f8-91ef-583c7da313bf,Cynthia Williams,001-289-579-9716x061,hollymiller@example.org
71b4e2ce-2257-40cd-bc59-63f6c9120402,Tanner Rhodes,339-413-4294,julielee@example.com
7ed0b60a-cf01-450a-8ca9-c39b20085ab6,Erika Phillips,(388)431-6594,onealmelanie@example.com
955aa9c1-3eed-4d58-b771-e39860a8648c,Brian Washington,874-750-2308,markboyd@example.net
3ff159f1-0041-4b7c-b5be-102cc94c68dd,Angela Valentine,001-543-870-2528x8202,johnsondonna@example.net
898008b0-989f-49d3-89be-60d745363b80,Dean Jones,794-584-5943x871,lopezchristine@example.org
e0f60431-18fb-43f5-825c-9f28ea68ee40,Thomas Clarke,(214)477-5098x2083,jacqueline62@example.org
f0af7faa-2456-4b1a-a921-81d4c4750521,Dr. Daniel Mitchell,978.509.3668x3072,derrickdavies@example.org
b4b965ef-52bc-4255-97c7-0169b9fe44ad,Doris Alvarado,503-849-0894,peterluna@example.org
4b985267-e85f-4590-a3f4-0755d93bc52d,Jamie Haynes,558.384.0128x77626,corywalker@example.com
c8b0ea43-fb1a-4101-ba2b-42a5f7d3cbe0,John Johnson,689-449-4089x491,ohall@example.net
12f0dff3-9d59-4a69-9ea4-9fcc51b43920,Melinda Hunter,+1-557-360-2298x462,crystalrangel@example.com
6326d933-3f03-412f-955b-4fc0493f1a70,Jason Stevens,368-834-7114,peter09@example.org
a404e457-204a-4971-afdf-eb5f58d6fd2c,Spencer Stevens,(821)702-2664x838,davisbenjamin@example.net
f4569611-5c5b-44e4-826d-24388a78e14c,Mary Galloway MD,(323)827-2418,carly43@example.com
44aebf12-2482-4474-9571-9ac8cc36f248,Ashley Madden,(748)637-5932,johnsonmichelle@example.com
67d8448f-e804-4721-9ba8-6edf14899a71,Michael Zimmerman,236-492-6322x86111,ericwalton@example.org
5f16cd46-6758-4dcc-acee-36b50255cb2f,Matthew Fuentes,656.257.2050,willie27@example.net
2c332a8e-624a-421c-8daf-c019c65f76b5,Howard Manning,496-794-8859x98398,matthew45@example.com
ef484f40-2de8-42ef-9cbd-8d7bd9736f3c,Douglas Smith,(312)993-0902x2839,kimberlyreyes@example.com
56b7f211-0027-495c-8a33-d9d067428ee4,William Wade,702.735.1646x1752,baldwineric@example.net
8490ceae-71cf-4d2c-a397-1419e13a57f7,John Shaw,+1-841-288-1498x4022,watkinssamantha@example.net
bd83cf23-8b1f-4c7a-8504-1ead09edb6fe,Dylan Gonzalez,001-372-223-6215x6236,jessica34@example.com
1eb766bb-97f9-498d-ab53-884251152ab4,Dawn Anderson,870-288-2238x61173,cathyrodriguez@example.org
5d605a33-5b04-434b-b84f-fc81f04d87e4,Sharon Fields,(841)401-8041x05419,vincent45@example.org
efece25b-1b66-449b-9d99-f5bc7452466c,Lisa George,(944)923-5157x80745,donna17@example.com
cde126cd-d9e9-4270-aca0-9f24c666a08a,Steven Figueroa,001-596-834-2817,jasmine76@example.com
31ce2e15-5391-4d25-b112-da042cafee42,Sarah Lopez,+1-841-556-6813x84263,melaniedurham@example.com
b036c9ea-bc92-41a5-bfe0-3dbec2466e7b,Ashley Chambers,257.375.9357x5256,kingdaniel@example.net
189323d7-256f-42ab-8177-587be054026f,Ethan Carter,+1-581-828-2585x9807,morriswillie@example.net
985a070c-80a5-428e-97c0-24b11abf9ab2,Adam Baker,6953719750,patricia36@example.net
0b2cf3c9-f7f7-4de7-9c58-121eed8e2c96,Ross Mccall,+1-257-849-3627x4129,destrada@example.net
ff2b0d98-16bc-43c7-83d4-8cfc2ff14056,Linda Owens,(951)494-3316,williamsalexandria@example.net
0ea531c3-ca65-4458-ae31-121e942f2986,Katherine Willis,(910)849-3804,alexanderfrazier@example.net
23a50f93-0b87-45ac-b346-fd8868f3651e,Tracy Johnson,+1-300-576-8214x16784,dcalderon@example.org
a3492bde-0a76-4282-b78c-2f585e6d99f1,Regina Gardner,001-432-900-9165x4224,lrodriguez@example.com
5e7daf0c-d2d7-41ed-a2de-784626fc0512,Nicole Rhodes,-6564,xwilson@example.net
05485362-6415-4f4a-a50e-3f6d02af65b1,Brittany Cruz,(796)941-9511x88844,djarvis@example.net
e3c6d791-9687-474f-b6db-a49c61754d59,Nathaniel Gibson,(476)860-6030,valdeztimothy@example.com
0f283dbb-cd9d-418f-b955-dbba4c724b02,Eric White,378.644.3328x151,rramirez@example.org
01d929f8-252f-4cac-8d5f-6ff1013799ce,Tracy Smith,-1748,vyoung@example.org
b952bdd6-2177-40d0-8eb0-7183deabd6e6,Jeffrey Bauer,-4258,pcook@example.org
24e9c833-bebe-4cdc-88aa-edc034f3311a,Peter Mcdonald,680-479-2418x154,ycasey@example.org
ea0819ae-c2e3-47fb-9f75-900101efbbf2,Deborah Owen,001-373-963-8096x2205,melinda82@example.org
62a1ce2a-5660-4a2a-84e7-28a17bbf6a3a,Megan Moore,001-505-201-0656x4346,nblankenship@example.org
83347b87-738c-4f9b-a834-ff611cf3f49b,Natalie Jones,704-455-0821x6761,bbyrd@example.com
3f2c3aa0-fc07-47a0-adeb-88d70770fa9c,Amy Morris,712-384-6807,obrown@example.org
443e5ecb-e189-48e5-a66d-9d313e5ba257,Lauren Berry,001-879-944-9230x06977,susancox@example.org
66a1b081-fd2c-4666-9d6d-2675a8c6d8e3,Matthew Martinez,+1-840-539-4691x25290,cynthia22@example.org
f8a3c803-a6ae-42d0-96b8-05347aa430fe,Joseph Day,872-759-3700,hsalinas@example.net
476aba31-3ea4-4377-b175-2f09cc692ceb,Eric Flynn,589.566.0093x02434,htucker@example.com
637fb164-9ff4-4045-924f-dcbc92de1633,Billy Gonzales,001-659-875-6115,cadams@example.net
2d73c7a0-ba26-43d5-a1cb-77f0f2de20f5,David Farmer,-3558,matthewstina@example.com
39fd656b-79d3-4a9e-9030-541161aff7d7,James Curtis,8782387426,kellybell@example.net
5d578879-954e-4bc9-ac3e-ed960abea88d,Jennifer Nguyen,881.911.9683x19581,mrobinson@example.org
7b3771e2-697e-4019-8e3a-8e11700c4c4c,Joseph Thompson,(996)732-9435,jonesnancy@example.com
ade505a5-1e62-4f1e-b9c9-4bea92e63c71,Dr. Maria Houston DDS,+1-576-813-9299x71474,skinnerkimberly@example.net
fb202c25-dd11-401e-b759-3108ba1894db,Tanya Harris,522.835.9952x8032,amberreeves@example.net
f43004e1-9d47-40ab-9de3-4d3dc0a1034f,Brandon Grant,-9765,tina05@example.com
faf7ab4f-b963-4a74-af20-92877ec8f591,Gail Schultz,-2058,robertstony@example.com
77152c48-5910-4ad0-a289-7892967d214b,Christopher Cline,880.496.5814,christopher49@example.net
08b8517a-2547-45bb-9def-1f0f828ccc1f,Sean Mitchell,001-855-296-0359x7013,timothymarsh@example.com
e31af9a3-3846-4c0b-9b17-ff60df293684,Audrey Mendoza,903.678.5592x8139,umiller@example.net
c6b51f07-a44b-4934-b714-d32c2dd143ac,Gail Evans,+1-222-228-0474x73994,itaylor@example.com
cfd69f0b-833a-4573-9db4-c30164e57578,Regina Ortiz,+1-955-828-4611x73797,gbradley@example.com
bea27bfb-d1fe-4e6c-9fc5-c75262407266,Nicholas Hill,8468255809,odalton@example.org
166ad347-426f-4780-a239-65839bd5b910,Darlene Jones,843-638-9318x3074,barbara57@example.net
bda33eb3-147a-424f-81e6-c485e95bd738,Kevin Smith,+1-318-247-7361x967,nschwartz@example.com
fe54da9c-79ba-4507-8df1-b7ac046f43bd,Kristen Johnson,(924)482-6858,bennettmaria@example.org
198fa04b-124f-43d1-87e8-27aa34607880,Tara Crawford,(965)611-1298x69560,chasemiller@example.org
7e4757cc-9d3b-4304-b16a-c523cb620c92,Sandra Nelson,-4133,qgross@example.net
f2aee477-3c9e-4af3-aec1-84b7c2378811,Wanda Davis,001-686-569-1065x6335,heatherhawkins@example.net
c6a72a53-c87a-45a1-9b0e-03cfac74eebd,Geoffrey Miller,+1-827-686-8265x9262,rachael91@example.com
d379610c-8fc9-4b92-b116-11df09f7d7e8,Lori Blake,(510)975-8204x9878,jessicahunt@example.net
7d055b96-874c-4697-9865-7bc27d6256c9,Mrs. Annette Gonzalez,001-348-383-8213,hwalker@example.com
409cbf12-5bb4-4e97-a057-aeeafcb7faa8,Ryan Berry,(738)481-0823x347,jameskelley@example.com
50916db1-4f72-4da4-b992-928f71f8e13c,Sandra Doyle,365.582.3949x083,qperez@example.org
12d46983-542b-462a-a263-e0ddb6168c24,Victoria Williams,(468)335-1964x4538,rhodesjustin@example.net
e1d21917-1ddd-4007-9f78-14ffc4cbdf5c,Christy Ortiz,+1-952-964-9821x275,toniherman@example.org
034758fc-b0dc-484a-b6ae-da612e6e1f16,Barbara Stevens,-3052,owest@example.org
2d335206-3caa-4088-a8ef-e91ca19eb5fd,Joseph Rice,-941,georgebarr@example.org
aa5c0f14-d13c-4cab-85fe-e97736990a13,Timothy Long,001-836-496-4404x432,jessica71@example.com
2b3e898b-e627-438f-bc6c-8b0b78e588c0,Tammy Smith,395-422-3189x14885,tonyastewart@example.org
91de974a-5aec-4c95-a647-093b7e3961a3,Donald Mills,+1-664-575-8250x877,butleremily@example.com
c1b3fbda-8ca6-457b-b7f1-b25feb44c2ee,Amanda Velasquez,(539)680-8253x8125,hnewton@example.org
be5f7f00-2c43-44b0-80ff-915560af1122,John Gallegos,+1-713-416-3671x27431,aaronlang@example.org
f63f0a04-dbd6-4ab9-9758-80695437d012,Judy Liu,(356)748-9188,stephanie97@example.net
75d4ca28-4854-4314-b9d3-8edd9192723a,Scott Brown,807.799.3470,hailey81@example.net
a6403cbf-5dea-420a-9576-8d43b75a8b11,Roberto Robbins,+1-428-311-4574x6686,ashley37@example.com
23b65c39-543f-44ca-bfe2-b5595e205d88,Kelly Anderson,(907)482-1918x23906,brian78@example.org
8d22262c-49c3-40d7-b22b-c7133882dcac,Julia Patrick,(386)762-8677x7174,fallen@example.com
348e8a47-b467-440a-a6ca-dd83bd901dc9,Ashley Parrish,001-498-438-6653x765,jacqueline30@example.com
790b6d0e-1851-4c45-a4ff-b803ce1821db,Justin Scott,785.715.3768,wellsalexander@example.net
29fd1c46-a023-400a-aca2-8c1c23a9b275,Johnny Lee,(616)413-1450,pricekenneth@example.net
78fe5d9e-240f-47ee-aede-32029b56cfae,Jennifer Garrett,(812)219-0456,paustin@example.org
2ceaace6-0011-426d-83c8-6f6d33138852,Lydia Campbell,629.799.6381,djohnson@example.org
9c035d54-680c-4ac2-9477-79c03fb0736c,Karen Sanchez,001-729-632-2362x397,mark22@example.com
ea0c17f0-826f-43d8-8539-f731d64ab21d,Sara Simmons,449.737.1881x556,ehoward@example.net
729fa296-5078-4078-8920-53038d7c6381,Justin Woodward,987.955.7742x1325,lisa55@example.net
fbeaa1a4-68b8-4f68-ae48-893ede309f3b,Jason Villanueva,852-839-1401,johnsonheidi@example.net
3bffe4ae-6639-499c-ab59-9105582f3fc1,Roy Pittman,4199705899,william62@example.org
3750a231-fae8-44ab-8cd5-20240b495f5c,Robin Harvey,(436)433-0854x3060,victorrivers@example.net
e9f59be8-b92a-48a8-a774-26e30680745c,Jeremy Peck,494.230.1437x824,jimmy35@example.com
cd59a430-4837-4587-8808-d01f96c0e061,Chad Holt,9464294908,michaellynch@example.org
6b8a76d5-8ac3-4eaa-8f76-556550a52f60,Devin Rivera,(705)620-1908x0792,adam16@example.org
f60e89f7-622a-40ba-8fbd-d4e9daa22246,Justin Fox,6283510431,josephestrada@example.com
44337253-2b62-4198-aaac-442f4f83117f,Phillip Brown,(940)358-1833,halesusan@example.net
451df6df-276a-482b-92a0-9ae9c746c0aa,Eric Parker,331-635-8807x20713,twells@example.org
8a4ae21a-28c0-4b4a-80a6-8b06f1245c38,Anthony Wright,001-961-219-1036,georgejones@example.com
d1be9a0a-0e9b-4b45-9256-d6506fe2e4b3,Roy Deleon,598.659.8177x1298,andrew35@example.com
4f84b4e0-ec71-4389-a21e-a0d012caa4be,Kristin Warren,686-394-3649x6405,jongeorge@example.net
d8683b7d-5317-41d1-88ea-f864972a0b76,Laura Miranda,563-386-0371,roybilly@example.com
316b446e-31a3-40dd-a1b0-b5c3e7c0d51c,Brandon Reilly,638.541.9097x60645,canderson@example.net
bc122f82-2924-4206-8749-764f9c3d6ba3,Michael Erickson,921.728.3094,bsmith@example.com
6b9723e7-aa1f-4b52-904f-8bfacfa9fe30,Tyler Peters,649-581-9623,emilysmith@example.org
cff34ecb-e5a4-4484-a6aa-34214796e00d,Renee Obrien,694.601.3864,velazquezsusan@example.net
502cff02-8956-4e25-8157-de598188b1f9,Gerald Smith,858.601.8199,alexishall@example.com
7ef39e3a-6643-4f48-8750-616a7215c182,Julie Park,672.563.8896x200,andrew39@example.org
dc4b5ca8-3df1-454b-a10e-22d6aaeaf680,Mrs. Julie Silva MD,749.804.6816x32467,asmith@example.org
69fa9195-4540-424f-84ff-ce399698ee1c,Kenneth Wallace,001-287-724-2327x53057,ashley36@example.org
b16fdd35-18c4-4363-a2ad-ec407830e77e,Benjamin Perez,(718)582-2599,hansentyler@example.com
f9d72352-8b5f-424e-9b0d-3f3da947479d,Allen Williams,981.627.9193,tammyhebert@example.com
de03c87b-c0de-4bbc-99c8-b34408764e65,Frank Davis,265-562-2363x482,david94@example.com
c30c7cfa-6f73-439c-9ba4-b35a93a4778f,Angel Blake,913.410.5588,nstone@example.org
83db8855-e86a-4fcb-b33b-149902d03a83,Steven Doyle,(969)557-9768x03754,awest@example.com
ca350f21-4f30-4438-a5d4-07305f95f42e,Drew Hartman,+1-465-288-8554x1104,fduncan@example.org
614bb4fb-45cb-44e7-9290-09687a8b5ca1,Andrew Palmer,(506)880-1761x797,pcooper@example.org
c95f0045-2438-4a5e-bead-1004e15a131d,Michele Huff,9278133824,blackkimberly@example.com
14d0926b-1640-4780-89d3-5a6ad0b115bc,Brian Barry,613.339.8998x93844,floresbrenda@example.com
4e845e6e-ddf3-4aa1-ac4e-7f6221bd677e,Laura Brown,9088975134,jenniferbell@example.com
c1c066a5-6322-42ce-acee-3b064e6a5777,Alicia Stein,398-812-0879,john63@example.org
43ab3298-9551-421a-9492-c6744358be28,Dylan Rice,2333728853,aford@example.net
f1796c62-28d5-4cd7-8f93-623b19d79a3d,Derek Ford,8112318182,kennedychristopher@example.com
356df3ba-aec3-4644-97eb-e57ee987330d,David Wright,541-239-9994,zroth@example.net
4cb46fb4-21a0-4449-9ee8-385a5bcaa56a,Kristen Morris,511.338.3866x2413,wtaylor@example.com
17c9bbc4-cb49-46fc-b5f8-d86483884bc7,Emma Williams,-9272,michael02@example.org
78c2cb9e-ce3f-4e59-b840-9a036ee9b05d,Sandra Melton,(521)787-7188,stevensana@example.org
1888346a-b093-4fa0-87af-53f0b7e93b54,Patricia Martin,730-914-8499x88221,edwardslee@example.org
e3ac8ca4-c0d8-4b92-a74b-f5972c8221dc,Cynthia Hall,(692)378-2537x36484,evansjacqueline@example.org
a291b56e-a1c0-44fa-954b-beabcda26fda,Jessica Snyder,500.697.3219x6800,fordmargaret@example.org
00f2dd89-69e0-45a1-8878-03e4f4064904,Oscar Dorsey,+1-712-382-9835x71510,obrewer@example.org
1e62628e-2af0-49ba-a9a3-6468f41ceafd,Jeffrey Armstrong,+1-329-828-1081x708,barbarabarrera@example.com
bc7970bb-e8b5-4448-a8e7-8dad529e9200,Brian Shah,653.469.1987x38340,lindseymitchell@example.com
34fcc882-6444-487d-8e23-a314d169e317,Casey Coleman,001-676-851-9514,sfisher@example.org
b08e67b1-d73d-4d78-b263-91181e58133e,Kelly Lee,+1-627-772-2713x4076,igriffith@example.net
23546621-46dd-431f-b70e-bf43a37b487b,Scott Mckee,001-762-542-9573x86044,montgomerykatherine@example.org
f49f8f26-d9eb-4276-ae2d-1973691bbb4e,Amanda Key,347.542.7793x20132,hardinmegan@example.org
8cbb2974-2d96-4d56-ba66-68a385cc9377,Sandra Alvarado,325.929.6341x0743,farmerjoseph@example.org
84922c0f-dcf5-40a4-b8f7-3fa018ea84bf,Richard Reyes,001-970-930-3521,amanda72@example.org
f883469e-e6c8-4a09-839e-1edeb504bddc,Lindsay Kirby,(585)207-8065,robert13@example.com
482df78d-3482-436b-9bc4-7ff9954a6411,Benjamin Nguyen,517.909.1715,oklein@example.org
f9ef9fa9-af3e-44a6-9135-1f5bd9860b4a,Sandra Garcia,8006157171,rebeccaberger@example.net
c7019a6f-adce-4f6e-8a1a-5dd6150ab20f,Susan Hamilton,001-370-973-4290x464,chelseaphelps@example.com
73b5e3f1-2011-42c0-b1a9-03618bafd44d,Kelsey Sosa MD,603.695.9489x4005,ewright@example.org
603d369c-682a-4adf-a576-052d94e16f7b,Candace Cohen,001-538-761-3050x2830,rogerskatherine@example.net
0256bc3c-721d-4012-aa49-0ad895c4ae66,Patricia Rodriguez DDS,(657)362-2321,kingjoshua@example.com
94c3b67e-4261-41fb-9598-d4177d91b9ae,Gerald Acevedo,-5925,jle@example.net
989530d2-8352-4517-aee8-c289fe1670cd,Jason Hill,641.611.0143x541,hillglenn@example.org
b04643e6-3db4-45fd-a1cb-b7a47b620922,Melissa Perry,360-422-1751,sophiasimmons@example.com
8ee7a186-7e5f-4376-abb9-8f53dcebbc7d,Miss Erica Russell MD,513-454-7871x33710,joseph20@example.net
f31842d3-8825-426d-b8b1-e20f21b80aa4,Charles Ford,(715)941-0847x34452,kathleenlewis@example.com
3a1539a0-92ba-468d-b818-fa10d40af404,Nancy Morales,(822)661-8786,mike64@example.com
7cad2bf5-b2b4-44ea-b6af-c02196dd3b88,Carlos Schwartz,+1-566-565-7892x133,donna09@example.com
1facf385-0bf2-44ff-a14c-065acf5ef200,Kayla Murphy,256-545-4947,jeremiah42@example.org
8de39d0d-54cf-43dd-9a63-f4cfb4e8b38e,Jacob Villegas,(677)378-9010,ryan10@example.net
966ca705-49cc-49d9-a59b-eb82f4b560ca,Jasmine Perkins,+1-544-923-4108x430,charris@example.com
dfa943c2-4895-4c5a-9209-cb405a806972,Anthony Walker,001-490-403-2840,cruzmatthew@example.org
0a04fe99-4868-412c-9744-2c3bca7fa546,Brenda Li,739.903.1272,garzaemma@example.com
bec1b893-1062-4d93-908d-577bfcd2c243,Janice Stewart,293.693.7195x753,hernandezshirley@example.net
514a3375-830c-4a8b-b5cd-048d4b7cb71b,Ricardo Martin,+1-590-584-3380x2081,phillipsjohn@example.org
455deac6-b77d-4557-92c3-56fc110f295c,Amy Santana,001-531-507-6202x9349,odomjake@example.com
097568f2-1b93-4841-b909-028ce07ea6c5,Mr. Robert Pope,001-972-416-4949x2971,calhounshawn@example.net
e79f3161-40d9-49cd-8da2-885f23832386,Lisa Anderson,001-720-520-6802x46510,guzmanchristopher@example.org
7e227d88-e623-4e8d-9761-a631e9f0a2b2,Victoria Jackson,+1-488-232-9930x49120,donnaparrish@example.net
acf65f28-560f-4030-a997-871b6956bc39,Keith Hoffman,-5027,fnelson@example.com
ae0beedd-0847-4a0d-845e-f43aabd6a5f3,Kathy Porter,-5789,allison75@example.com
69abb998-41bd-47b1-a014-27f20d64baab,Kelsey Moore,4112054677,ybrooks@example.net
ab75fb30-3bc8-4303-a643-b09f3cb26309,Erik Collier,339.207.6446,sheila26@example.org
7242fd9e-5f43-4ed2-99fe-fc1953b8edd6,Lindsay Mcgee,810-896-2933x09761,gstafford@example.com
c83505a5-dd1b-4666-8f55-f9cf2d864063,William Garcia,(653)583-8545x281,jenniferfischer@example.net
a25ace40-cdca-4e00-a0db-c42856418f73,Brian Berg,001-367-380-1784,ellischristopher@example.com
16bbd6a9-69c9-45d1-af10-26816604fd1f,Jose Morales,+1-491-353-9486x95765,xhunter@example.org
a6750e3a-0e87-4d92-bf46-8f11b195893f,Christine Walters,677.946.3713x99724,fbrowning@example.net
06c0005d-dcbc-4a6c-a870-6f23b30f0a97,Kimberly Solis,+1-836-521-7848x434,ryanfarrell@example.net
7b3501da-7501-4212-b422-ef655af2543e,Sarah Bailey,371-625-1020x93012,ericcooper@example.org
ad0931ad-c03d-4cf5-a187-0f7f77a72f3d,Gina Moody,(851)353-6074x582,eric91@example.com
45e167dd-784b-47a9-956e-c7e077fa5156,Ms. Rebecca Perez,001-270-414-9763x8526,boyerkevin@example.com
0fac9390-07ec-448b-9623-444f752424ef,Paul Miller,663-487-1111,matthewpacheco@example.com
2093b188-cf51-418b-893c-f12030572598,Marissa Strong,609-476-1561x7117,katie52@example.com
fbf0c4e3-b837-4d8e-a1fe-5d033fcde54f,Bobby Bailey,+1-567-430-7215x32634,mcbridealexa@example.net
8ca71184-eb5e-416f-9f35-ef651cb746bd,Timothy Martin,+1-967-412-6942x50453,erinwhite@example.com
7427ac6e-7fb1-436e-a9a9-c9539babe89e,Nathan Neal,697.810.2882x540,atkinsonchelsea@example.net
b5fea6da-ad45-443a-a026-62bec2018d4d,Christopher Good,-2160,david35@example.net
89590869-417e-471d-8d3a-ebe9ac79cee4,Tamara Mitchell,225-895-0137,steventran@example.com
41ed4a3c-5802-4439-865d-54fc40a5fd7d,Morgan Campbell,597.606.1725x02485,eponce@example.net
c324f288-1ce9-42e2-b898-34937d9ba92c,Brandon Hanna,319.567.1795x612,krausechristopher@example.com
042eaf13-1e63-4dfc-9a96-b8b92763cd9e,Jane Robertson,738-356-0743x38893,lewiskristina@example.org
ece15aed-68b8-471f-8b2f-cd87a8702f08,Christine Rocha,001-788-796-6703x47106,wendymorgan@example.com
8b144452-a90e-4205-8584-40c63ea30885,David Lee,+1-811-390-4524x803,watkinsfrancisco@example.net
9cfb371c-03d0-44ff-bbc8-b0ce08b32dc9,Kelly Gomez,(410)883-8135,emma91@example.net
04c4d6c1-cd5b-4365-84e2-e4fd32041fc7,Justin Parrish,+1-487-825-7774x6106,ikirk@example.com
385432ee-673f-40d0-9654-3629741248a7,Larry Morgan,(822)519-5393x08410,erikgates@example.net
1397ecfd-cd02-4219-a9a5-cdbbabc129ee,Susan Huff,760-348-5100,cynthia82@example.org
4e5d5978-9839-4bce-8447-0ec7ca0dc47f,Nancy Morrison,225.407.0979x2398,irobbins@example.com
250ff6fe-4d32-47de-8e92-179764458353,Heather Davis,495.530.8980x5733,ericramirez@example.net
49619de7-1170-46c7-a82e-48013b08a6b7,Jesse Luna,+1-665-785-9654x197,marshjoshua@example.org
671fb6a1-d865-41ec-b79c-6c6201494c78,Alan Adams,-10252,zphillips@example.net
05fb6221-1cfc-4767-b74c-550d4791c5b3,Javier Brewer,(936)281-4771x2690,robertpitts@example.com
18e7e633-dab5-457e-82ea-0c443ca2f6ec,Michael Olson,937.726.1802x76345,andrew30@example.net
a6ef00cf-10b8-4fbb-88dd-b439ef9f87ff,Jo Stout,8287397582,pjohnston@example.com
369e661f-b81d-4fef-88ac-f17699d31f68,Rebecca Coleman,+1-980-812-1406x252,pmarshall@example.net
bdbddfdf-de6f-4e73-8306-5f344901990a,Samuel Harrell,+1-256-407-2449x259,whitemeagan@example.org
532a6cd4-661b-4a0f-8d7f-78f5100364f0,Lisa Moore,822-682-7389x9040,masonramirez@example.net
9e54437f-bf3e-4890-b995-287e3b8eeb90,Ross Neal,687-499-1937,lawsonlucas@example.com
cb9369a6-a340-422a-be64-08a9468a91a6,Paige Choi,001-585-632-1008x657,nelsonjustin@example.com
d3d727cc-59d7-4e81-8e6b-e4c59076a617,Amy Lee,253-905-3141x5347,robinrios@example.org
31987a46-7b6c-4845-8cae-2fe6524101bf,Kevin Reyes,5106337214,sparker@example.com
8854420e-bf4c-4f70-913c-01aa8fc302fb,Kevin Keith,888-920-5806,williamschristine@example.net
6dd04b1d-0a4f-4afe-8218-a56ef1d53503,Cory Torres,-3840,daviskim@example.org
01e4c808-4d53-4e11-af1c-7e05eae61a3a,Susan James,917-273-2927,castilloraven@example.org
bafcdb53-0257-4e4f-818f-4db36190b999,Julie Young,214-495-5627x086,paulwashington@example.org
c8ce09ec-c001-47c4-90ec-2d65c5620f33,Latoya Peterson,(584)832-6447x446,berrymegan@example.net
44ebfd82-f914-4ed0-8ba5-96d8ba1b8caa,Brett Harrell,+1-497-500-7871x326,danielle52@example.com
3a2acfd9-0821-4a86-8d43-ef85b89c13aa,Katie Nguyen,(852)403-3746,gharvey@example.org
405c3ada-7a71-4cb1-bfd3-40a4cecb51c9,Jeffery Keller,001-651-236-5102x2204,fblack@example.org
edf48c16-f5c9-4275-be70-ef9aa1951a7b,Paul Price,001-872-834-6302,shawn37@example.com
9fc10b7d-8cfc-4ebd-8b5f-d3d16e1f6614,Brian Forbes,001-261-282-7234x8948,megan27@example.net
fa70b9a7-7cf4-426f-8ae5-b4e6e852bbd4,Debra Clark,386.901.0194x538,milescathy@example.org
ec6bae13-0cf6-4da2-b96a-a1605820ac60,Tina Carpenter,203-332-8640x1839,krobertson@example.org
130ee1cd-d752-4f0e-af82-ef8d2aba1f5f,Timothy Wolfe,001-498-281-6715x348,brownhailey@example.org
5e7a183c-ddeb-49ea-a7cd-864d5b98b2ed,Katie English,615-618-8799x096,kellykaren@example.org
c03661da-ebca-4ed3-b8f8-5e0fdc06ce60,Nathan Compton,646-348-2954,tuckermatthew@example.org
7e240d64-b509-46fc-b725-07bf86a1ddb2,Christine Smith,373-373-2599x699,johnsoneric@example.net
a5dea65a-36a7-4674-9100-30ce66bee201,Tammy King,+1-463-676-9839x25930,lewismark@example.net
5ea15db6-dd18-4727-8626-c84f8ff45b17,Kara Wood,001-336-980-7962x9879,mary59@example.com
a273c54f-ff5f-4d27-88b5-3e2c05dc2d7c,Ashley Singleton,(528)848-5496x0689,christopher36@example.net
a6dbf68b-715b-4d1c-8984-e77ffef04e83,Jeremy Reed,-6569,michelle18@example.net
cde1be38-ce61-4b24-82b7-f752822a4305,Kaitlyn Wolf,583-318-8932,pagestephanie@example.net
51507070-fe7d-431d-8a61-a1490625dcbf,Jean Morrison,(339)978-3236x76554,kfrank@example.com
f4d9c1f1-a5fa-417c-baf0-79cb02618713,Raymond Davis,001-657-971-6212x27723,ochoaanthony@example.org
54f1866c-755a-4c97-b34d-a38b4eb76d54,Mr. David Stewart DVM,364-627-0502x6198,xatkinson@example.net
6c8721bc-4379-47de-8fa6-fd80209f927d,Michelle Lee,(809)895-1278x1072,pagejason@example.net
5dfaf067-827e-494c-b657-58a918080cdf,Tina Curtis,272.298.8690,dominique30@example.net
e61b6eb4-1c4a-4d1b-a2be-08ad3607409d,Scott Wang,9444144962,nicole16@example.net
624d09a4-38cf-4d25-a0f2-e966672cd00b,Donald Andrews,2603241170,bergereric@example.net
cda23421-a524-49a0-aa80-1a8c4ee5f95f,Brittney Snyder,2336498694,leahcalderon@example.org
bbc16d23-2072-41cb-aab3-7301a2df01f1,Jonathan Allen,-4760,corey13@example.org
749966e6-32c5-4c33-927b-4c6d38f41faa,Heather Gibson,893-203-7763x5008,pmurphy@example.net
e28548a4-286f-4db6-86ac-ce8ae469b940,Hunter Shaw,+1-446-530-2010x81047,tpacheco@example.org
fc3e64ac-1ee2-490e-8150-553e0be1ccb5,Erin Velasquez,934.422.4473,twheeler@example.org
20546d80-c7d8-44c1-a4d9-4df0c1ae5f2d,Emily Lopez,830-618-4918x1267,mariaboyd@example.com
f6975531-7de0-4ef0-9b19-089262aded03,Catherine Barnett,868-946-8638x862,fowlerkent@example.org
63237015-6e3f-4527-824d-3c496c1f31f0,Travis Martinez,426-741-1397x148,coryschultz@example.org
ca88a59d-147b-4f5b-bcb5-e7b6fbd4b070,Jerry Wood,001-982-761-0931x608,iperez@example.net
82eae773-93a8-4207-a525-70ae20a0216c,James Huffman,(430)365-0301x668,nmyers@example.net
878f95d0-3243-4083-a8e8-765fe9e61dd5,Jill Ingram,212-453-2239,raymondfrederick@example.com
ea8a3fff-b370-4e32-a617-3b77c7ae9a1a,Heather Brooks,737-200-1106x640,wharrison@example.net
f345a4ae-7252-4c0d-a239-f949496e46f3,Paige Page,411.766.7994,mercerashley@example.org
4c288044-cabc-4983-a1e4-1b0ed105c8c9,Lauren Thompson,917.679.8183x333,meyerbrittney@example.net
f82f43c0-8cf0-4d63-848d-9c5128a04dcd,Christopher Gibson,+1-769-769-3466x0856,wbraun@example.org
a47542a7-2f0d-43a1-838f-f9e0bdde0203,Stephen Young MD,5145786382,stewartemily@example.org
b8611ba1-2fa4-49c5-9016-471a58d66764,Erica Rodriguez,001-326-518-1274x6491,edwardstimothy@example.com
78b52589-a065-4b16-821b-464a57851828,Caroline Cook,-10920,george62@example.com
4b85a314-307a-488d-9f69-ec94ce2955c3,Cheyenne Valenzuela,001-300-340-3000,zmartin@example.org
3aa16502-6455-4a7c-911f-fe14e466dc8a,Nicholas Hoffman,471-753-8549x2234,paustin@example.com
73e815b1-bbeb-4fe0-90ea-a214cca3ef10,Dana Miller,001-549-419-9315,moralesmary@example.org
8355ad90-c6b0-4e01-a8b6-9fa6ca20c2ec,Nicholas Bender,729-286-5182x278,jay05@example.com
f17fa1e2-2a9a-4247-b546-9e24b5fb5db4,Debra Smith,4698209441,sheltonthomas@example.org
5ce3e906-53fc-4912-9ba3-8d2deb9ca9a1,Lisa Greene,816.218.0861x26411,edwardsbrent@example.com
f7cf0550-81fb-4b1d-ab72-37f712d35c25,Ashley Gomez,-4796,hsmith@example.net
88b54baa-b16d-4fa1-8263-98b19c95ef4b,Gary Price,808.454.1308x29681,angelastark@example.org
9d72e1e9-5423-4233-902d-81cc0763fdcf,Phillip Patton,001-345-940-8614,natalie96@example.net
90bf5956-d12c-47f5-a71d-bd7023a8cf0d,Kimberly Harvey,+1-594-550-8390x2829,susanwhite@example.net
cbc1d8a9-0d31-4d6b-aa2b-f23d5045d53b,Susan Mcintosh,234.747.2803x6269,orichardson@example.org
40e7a99e-fc61-403e-8ec1-2bf51b910845,Karen Allen,526.211.5875x840,randyramos@example.org
df03573c-8d52-4ca6-acd0-e7ba9fedf83c,Benjamin Newman,001-307-464-8731x6297,tlopez@example.net
cd4f15aa-f8d8-43c5-a819-2051e359f690,Kevin Cruz,001-677-481-2085x35820,jessicawaller@example.com
2c089889-3f48-49d9-9b22-61981b9e9517,Nicholas Boyer,001-678-291-7096x4317,johnsonshelby@example.com
142feafa-9deb-4e20-85cf-951589eeaa01,Evan Shelton,854.740.0990,pamelawilson@example.org
732ba503-95ce-4835-8035-79a9f849f92d,Brenda Grimes,(771)583-2257x6944,whitney92@example.net
3ea9fcc1-8482-4ad5-8d6c-11c9c383cb46,Jacob Sanchez,634.219.6670x06786,evanssusan@example.net
5f93afe6-cb66-4ecd-929c-2a5ce73c1d33,Debra Fischer,+1-379-481-9595x8707,sandersrichard@example.org
68ba17bc-45df-43a2-b9e6-3f896006bd61,Michelle Brown,+1-654-460-8480x022,glasslisa@example.com
eda8afbd-fc0c-4c0d-9cd4-9541d7f524c5,Garrett Mclaughlin,259-949-5391x2065,littlesteven@example.org
47613af5-9c0a-4b13-a2be-12d8f8aa1d6b,Jennifer Reed,001-569-646-1968x651,christina96@example.net
e0de4bbb-ac89-4d63-bb1e-f568ea091565,Cassie Gomez,001-624-696-8848x749,chad56@example.net
2cf34dd7-f293-43df-9449-cb1808aa343f,Alicia Khan,001-264-755-7485x65591,fnicholson@example.com
594ca763-2b1b-4a77-a018-48b2e97f0fc1,Janet Schwartz,(875)629-6306,bakermegan@example.com
11a52f40-fa3f-491b-a06f-b96372740c05,Lindsey Murphy DDS,001-335-888-7549x27171,shawdebra@example.com
125761c7-3d11-477b-97b6-f1cebf269334,Bradley Chung,(435)354-3997x73245,uwilliams@example.com
3ccb494b-85f3-4f73-a276-598cbb8f88d0,Brandon Shaw,+1-296-319-4386x2572,christopherbarker@example.org
0326a2aa-df0a-4148-9798-82208149173f,Patrick Anthony MD,001-659-645-0906x475,grahamkendra@example.net
519742f9-9f1b-4b9d-8144-e190a6bc10a8,Scott Ball,+1-961-889-7390x4501,jacksonlindsay@example.net
d0f39550-2d01-43ba-a8e0-23d052b4e85b,Wendy Mitchell,001-401-826-6577x673,coopershannon@example.org
a0fb194a-c9a5-45ef-ba28-6c0ec941d284,Michael Salazar,-4702,yjackson@example.net
1de99d72-32e3-40cb-b804-8f032a231de8,Kimberly Bradley,001-420-629-1175,fullerchristopher@example.org
e4df1b30-3589-4ef4-8766-e823cb2e64b3,Stacy Wilson,+1-519-816-4851x45456,emilygonzalez@example.net
881c8d1a-fc17-4a56-9a99-76ea63e9610d,Mark Alvarado,451.921.9397,jessicafisher@example.com
96cbc346-ba2c-4cd9-be08-0a4450925409,David Norris,001-874-419-6268x20939,robert13@example.org
3a246ed5-0143-4428-bbe2-c966dbf09224,Michael Young,(921)761-6415x86363,frazierashley@example.com
1e513344-3a49-42fa-9581-eadf9c84f4f2,Dr. Autumn Beck MD,675.785.3046,kcarlson@example.org
5186db04-e52b-443e-9d27-ee850ee6214b,John Payne,999-841-7734,joseph51@example.net
e5d6fb6b-6568-4158-b252-85b3c7b2216e,Jennifer Herrera,504.633.8640x96357,jennifer24@example.org
f6f5103d-6bf9-40bf-a043-f6f9bf7b0024,Victoria Boone,001-336-734-3276,meaganbeck@example.com
ec4d59d7-5800-4798-bd72-a38880e0425f,Brittany Hunt,+1-271-207-9322x33583,awilliams@example.org
3607831d-6d2e-4ad2-af74-171b32d00ff2,Jason Harris,-8200,stevenchambers@example.com
89ffc846-5cfe-40f5-9e15-3b7dca6a36db,Brandon Dean,928.340.4074x892,suarezlinda@example.net
f9ddb32a-bcb8-4b00-a9f5-0cfc1dad5d99,Emily Wade,+1-834-277-4813x3758,mayjames@example.net
b08e6cd5-233c-4e2c-8950-372af254be3c,Brandon Wilson,514-419-4989x24713,xfoley@example.org
24e63b92-28ba-45bf-bfd4-249c0945b493,Zachary Watts,001-941-422-7530,garciaamy@example.net
2da61bfb-d8fd-4250-9351-ee768dafb3c7,Kathleen Hernandez,990-563-5460x7199,bryan34@example.com
24c6b4fa-7c02-4a39-8f10-71b781269ea3,Nicholas Reese,(676)547-7293x03947,grosskaren@example.com
5de7ccc1-72b0-4005-b677-f1f6f6995ad6,Douglas Miller,(402)568-1355,murraypatty@example.org
ba1ac42c-b837-49f5-aaee-0d742cf36ef8,Heather Owens,5976266906,gcarroll@example.net
25f340f0-3b16-4f3b-9df3-12210b2011a2,Tyler Brown,(847)433-2911x98069,francoanthony@example.net
19b00fdf-7e45-4135-a8e5-ff5164c60a41,Jose Rodriguez,828.702.4058x238,keith41@example.net
9cb345b4-ee28-43ce-807b-10392ef67ad1,Miss Janet Williams DVM,(438)397-9915,amy25@example.com
1ab2ded4-e3d1-4d41-929e-0d0722c5fc52,Cole Monroe,865.964.5397x54437,srobertson@example.net
b4fcd762-b97c-46c3-b591-018bcabf1156,Elizabeth Combs,+1-411-888-9058x757,jeanettewhite@example.net
d243b9f9-0ffb-425f-947d-c521ee9d4a0e,Blake Newman,411-520-3394x788,mary43@example.net
158f1bb5-6c02-4df7-a12e-162df729862d,Veronica Baker,276.716.9370x066,eric66@example.org
18bc4228-d1ea-4451-bea0-5cb2d33fc4e4,Mr. Michael Graves,001-942-769-4688x3139,sarahfinley@example.net
3499923e-710c-415b-ba74-e46e26797da6,Michael Wells,428.857.3042x69713,qmunoz@example.com
09c8d2cc-dafb-4e2b-9415-110e2cd0c076,Megan Simmons,001-897-909-3196x09230,tonyamatthews@example.net
3d9b59c5-0270-4d35-9e81-13c6a9b74cf0,Thomas Nguyen,934-444-3429,brittanyhernandez@example.com
8543f457-8420-497e-8d2c-e6b00f54e0fd,Heather Williamson DVM,+1-916-912-2136x42280,matthew57@example.com
a5c8d8a6-c066-44e0-93e9-491e419fd0cc,Natalie Nelson,339.379.3135,scottsharp@example.com
01a7cdd4-540b-4f6d-996e-327d191ebf6b,John Shepherd,001-429-678-2386x36850,michaelfowler@example.com
d39bf854-1373-4dd0-8c1d-20c7d71cb7c5,Michael Williams,3776370460,mark47@example.org
9feab91b-e108-4a7a-9544-14551517487a,Michelle Wise,(868)273-0759,novakkaren@example.net
52899882-133c-4fed-9b2b-928927b44d49,Jonathan Morris,3238794077,stacey69@example.net
19c3af94-ed9b-48c8-8467-c53fa37302fe,Dawn Harris,001-972-392-1434x254,justincole@example.com
1d532b64-52b2-47cc-b075-b3e31a1ac1d6,Tony Fox,(474)714-3191x1299,karendavis@example.net
ea3b06d5-63fe-4b35-910b-d2c9b01bcf49,Donald Pearson,001-232-630-4290x8137,atkinsaustin@example.com
182123fb-d78a-439d-89f2-5738d0734a55,Jody Cardenas,995-906-8373,nphillips@example.org
2ae75173-f9d4-4480-8b34-b4218c0b7bb9,Stephanie Davis,001-463-904-5467,andrewtorres@example.org
e69f1750-9c17-41ce-ae84-233545dbd1ca,Jonathan Shields,(507)862-9791x2889,vmclaughlin@example.com
9d147e27-1d2e-49e5-9fe6-449c46e7229c,David Johnson,(539)586-1729,michael38@example.org
a4f9d5b6-3f21-49c9-8fb0-00843aec6c2c,Julie Lawson,-7384,hcoleman@example.org
033e5b61-cc2b-4c4f-babd-d91d77a3402b,Steven Patterson,459-914-7062x4235,vanessa19@example.com
eb102650-450a-4535-9025-e3d4152d774f,Kevin Harris,942-532-0234x062,hfowler@example.net
23ed4faf-5072-4d0b-9c35-ff0133aa6782,Ellen Solis,688.634.7275x62033,robert56@example.net
da895de6-1105-4855-9fb8-a52b3e49792c,Rita Collier,469.204.8027x41295,iharrison@example.net
7f8a9f5f-b91b-4d27-8b99-2881e798f880,Jon Davis,354-202-6616,wreed@example.com
ceb1e78b-dfe2-491a-b97b-78b8f1e7fe80,Brittany Reid,989-771-2483x65507,kvalencia@example.com
f7b299cf-9996-496c-a13a-11b018f9989c,Christopher Lee,(234)949-1517x34256,sheajohn@example.net
48666f97-634a-4be4-a54f-e55cdc12283c,Amy Brown,(694)527-2070x253,justin29@example.com
88903377-6747-40a0-99cd-accb5c359c3f,Jacqueline Lopez,344-243-4993,misty94@example.org
b04da092-0772-4e7d-b2af-530cdff27888,Lisa Williams,+1-578-633-7428x85280,leslie26@example.com
eee5b8d7-b58e-4a9a-80e9-1d70c0640dc9,Annette Ward,(666)871-9598,chenjeffrey@example.net
475a685a-952b-4fd3-9365-4d124a9f7666,Rodney Jones,(889)550-4274,courtneyjones@example.net
cafd4647-7de0-494c-b5f8-8fa8a158e021,Nicholas Vega,783-202-7640,rosariomichael@example.org
2aee7040-0c46-4b6d-840f-18c9958d8ea3,Morgan Long,7885587869,jacobharris@example.org
ccfaff48-2955-4d39-bd23-cb18c96031ca,Randy Gomez,624-583-4291x689,keithgarcia@example.net
ee97c37a-f5de-4348-97ca-0c57fa2edb93,Jason Brady,001-569-741-7510x30462,abigailsmith@example.net
14ec0042-e7a9-45df-9665-345e8e71a81f,Kenneth Underwood,+1-670-666-1216x76461,hatfielddanielle@example.org
f10621fd-422b-4bec-8d1f-abcce616bb55,Thomas Townsend,+1-588-802-1169x7740,erikgreen@example.org
602f4f39-b4b7-4eb3-be5a-d23eaead1ada,Joshua Jones,494-366-3258x54274,marilyn68@example.org
13a2ff1e-6d16-40fb-864f-b140fda4e73d,Wendy Chavez,+1-971-380-3437x55494,gwhitehead@example.com
bc264f7e-5679-49d5-bc49-fe75ff8459f5,Marc Gonzalez,381.671.1916x3635,wrobinson@example.net
278d810e-17e7-465b-b80c-f0bc23d80309,Lisa Johnson,+1-335-357-0510x774,christina34@example.net
84f41885-229c-49ca-a340-a70346317d57,James Donovan,(665)577-5370,sevans@example.com
1fd4673f-ba41-4fe1-80fd-4832a5b002f7,Kelsey Smith,933-749-8849x431,ccharles@example.com
c7180d33-aaa4-4770-96f6-43edb8c52887,Sergio Espinoza,+1-580-687-7444x45526,derek06@example.org
58a8ad1a-b7a8-4105-8958-f449d9973bb0,Samuel Randolph,(772)229-9815,gainespeter@example.com
2b6a4953-166b-42bd-a2de-5259d13c40c4,Angela Phillips,001-565-536-6706x30676,wnguyen@example.org
ba4355d9-0257-4212-a7c7-090d761f1825,Jessica Mitchell,600.574.7346,melissavasquez@example.org
3d599bc1-c3aa-4144-af61-91727344da1b,Ryan Rowe,296-436-5159x1725,felicia96@example.com
79ef11af-ee1d-4a1b-a620-8b3fcb82ff75,Michael Yates,981-664-4576,powelljoel@example.org
3e64d7c8-e3a3-448a-b78c-8bb0a35c9507,Jennifer Thomas,658.212.5474x26956,tranpatricia@example.net
9d44fd6a-5117-48b8-b752-9295abc31b95,Raymond Nixon,462-752-0438,danderson@example.net
759d23fc-1a00-4b1f-a0f8-d6a1c96f4a92,Wendy Morrison,895-346-7267x4377,whitesarah@example.org
62fb5015-c30a-4380-b85f-a7514ade2e49,David King,+1-669-525-5299x6612,ybray@example.net
5a9e07f8-1158-4849-8c84-435678afabb0,Karen Long,001-645-877-1947,nelsonkari@example.org
10c3e4f3-eef9-41cb-a58f-76a9497a48ba,Alexis Horton,286-775-5621x22312,jennifer60@example.com
b4fd2838-66df-406b-8543-c09caed5153f,Laura Cervantes,999-581-5944x0512,richmadison@example.net
b6605ff0-c095-4bd9-8ed5-448824291b93,Karen Jones,5285178338,lindsey47@example.org
08e99430-3694-4a7d-8e9b-9fa75e503299,Brandon Ramirez,632-326-4007x052,christopher58@example.org
3d5fc332-fea8-4840-9917-d6ff8e3bb04a,Michael Becker,(333)962-7170x5916,stanleymichael@example.net
0b65da78-3e36-44f0-89c2-1b20047c49f0,Alex Garza,876-535-1490,webbdeborah@example.com
af6b0e2e-63bb-4584-8979-6b98fff33464,Kristin Brown,7132751940,stewartkenneth@example.com
e994f198-afc4-4407-ac6b-1363aa9d110f,Barbara Frazier,(835)593-8456x04771,fordjennifer@example.org
1d12e6f0-8c1a-486d-ac55-465dd0aa2acb,Randy Lopez,998-744-8351x681,allisonguerrero@example.net
2afcc3d3-45ac-4601-81ef-3b40241d71e0,Jasmine Edwards,481.498.7214x55161,williamsshannon@example.net
a71fef00-5c36-46a7-91a2-2886af3aadb9,Ruben Hughes,(314)328-6351,ybuchanan@example.org
6197aec9-979c-44b7-b8b4-eabcd4a6b476,Brandon Farley,555.860.6160,joannreynolds@example.net
cdee20a9-2c47-4034-abab-7462f51fbe1e,Sandra Jordan,5239706214,cjohnson@example.com
1ee00043-c0a1-42c2-9849-61f14f29f716,Dr. Todd Johnson,968.867.1247,janetjackson@example.net
6bf49baa-532a-41de-a343-fdbe7830e1b2,Morgan Reynolds,506-983-1659x2916,stephanie21@example.net
44962255-8938-45b3-9a30-4b3cddb9b68a,Amy Fisher,+1-631-731-0670x43851,evansevelyn@example.org
4bbec0e8-5bba-4563-a70c-4ded7f226d5d,Barbara Lee,435.800.5201x05526,hadams@example.org
2a0eeba4-875a-4592-86df-7c5ba1f45dde,Penny Sandoval,(842)612-4022x185,antoniojohnson@example.org
ca650d7a-c4a6-4027-9815-9114468564d0,Andrea Bridges,-5918,thomas22@example.org
951a4dc8-1b27-44ed-ab67-9bb49b041ab9,Rachel Rodriguez,849-582-4097,jrobinson@example.com
684c0d7e-3233-4939-8c45-04822821bf0c,John Perez,564-283-0433,bartonethan@example.net
b2ca0db1-5db7-4dac-b90b-081cb1341d56,Melissa Burgess,7372003140,matthewromero@example.net
5fba44ec-b190-4dba-96eb-485192790329,George Brown,6392965297,youngjoan@example.org
db8ffdd8-3374-4e03-a00b-0ebc13ea8c5d,Michael Landry,681-539-7141x05176,pmcintyre@example.org
f3c300ce-bfb2-4483-9689-b68e7985210e,April Johnson,+1-556-632-8481x27723,kaylasmith@example.com
7efd70ba-2e9d-492a-b814-dc798b54f719,Teresa Smith,+1-573-535-2877x4516,phillipking@example.com
a8e3a30b-247c-4d29-81cf-bc1d9a924070,David Wilson,459-636-3474,paulbernard@example.com
2f2178d2-4c22-4a11-8689-91f4d1162c48,Paul Huber,916-552-3686,emilyfoster@example.com
945f6a24-7c85-476a-9483-0e454453bb2e,Sandra Dunn,001-830-864-8433,lyonsamy@example.net
c5878470-b59a-4965-95f9-1a4792567eb1,Joshua Nelson,657-324-0843x5489,lmckenzie@example.com
c3bb9e3a-7e06-457d-9946-b813ef9d9e63,David Brown,-5763,katherinerodriguez@example.com
ece8e962-fbaf-4139-910b-a84e00345f5b,Robin Baker,+1-843-975-4483x30753,ggilbert@example.com
138c372a-cf0e-45ca-827d-92713bf573e3,David Sanchez,2595468167,ecox@example.com
0436d4c8-10bf-4800-8fb9-7e4065131d66,Deborah Cook,(582)364-5206,contrerascaleb@example.org
2a246826-bd17-4d9a-a67e-aa73002230f8,Stephanie Mitchell,634-994-8112,heatherhernandez@example.net
3e84f2da-e392-4f9b-a724-fefaf9eb05e5,David Clark,001-559-428-2679x007,amy06@example.net
f7cf2adb-0275-4f33-8ca9-267b20a7ff99,Marissa Atkinson,001-528-938-2821,jking@example.com
a239d48c-94fd-44aa-a46c-c99d9b6d1cab,Kathryn Wilson,(853)355-4811x018,nicole75@example.org
96c0973b-9c06-4eb7-8a7e-6e5787bc9e70,Mark Green,335-302-3166,gbaldwin@example.org
75e3e23f-4639-44f1-ba0f-aba80a2bb948,Edward Carter,6289001483,cholmes@example.org
12db2258-72aa-44eb-8c80-62579ad2dd06,Dennis Esparza,001-941-721-4426,harold66@example.net
74bdf0c6-10fe-4eff-bb62-378327bd5453,Arthur Smith,476.667.8661x382,wnovak@example.org
dee25e95-141e-4431-b198-fff5e48ba106,Amber Silva,6442218210,timothy80@example.com
3783ef67-3edf-45bf-b4db-4a2991fb754d,Roger Johnson,-4146,jmontoya@example.com
476796c6-e0d6-4130-b475-5c47b3653326,Rebecca Huang,8159170081,allisongregory@example.net
de4b244d-44bb-4996-a899-f591718c2d45,Jeffrey Whitney,382-534-7957,emiller@example.org
9e9355b4-a544-4557-8f1d-324b149f0955,Sarah Brooks,(795)953-2202x55979,castillokyle@example.org
6e31e7e4-ab1a-4b1f-8952-61f407dd389f,Dana Baker,471.508.4578,mooneyrichard@example.net
4b074b9c-a0cb-4b1c-97c5-c8df2bb65a5e,Tracy Hicks,001-414-555-4598x789,jackson90@example.org
125084ef-3418-4c5c-913b-2a5ddc0ab378,Stacy Edwards,-10402,fbray@example.org
84b217c5-c8d0-49f5-9c4d-4791e649c8eb,Gloria Stevens,+1-300-782-8510x7825,tina58@example.net
b8ca4395-d6c5-49d0-97b1-d953843c49da,Matthew Zimmerman,3297534983,michelle03@example.com
9fd3358a-97f1-408c-afb3-a27e9444c6c1,Melissa Pierce,797.277.7518x11555,joshuajenkins@example.net
ce040e4f-20b2-44f2-a6a3-1d4576e9f5ce,Rebecca Williams,+1-208-864-0099x5589,rebeccabrooks@example.net
7586ccd3-9095-46e3-b92b-2ed242810e19,Kendra Warner,3602310593,bartonjohn@example.net
3773d0ee-fe59-456e-a0d1-34bba5f70df5,Susan Thomas,448-419-4470,jenniferlee@example.com
1a766af0-5a7c-4c01-8a6c-ce01e213ac9d,Nicole Howell,293.449.7598x239,jessicajohnson@example.org
3e534cc3-40bc-41bd-a652-9c671b0bf8a5,Elizabeth Hubbard,8223383622,umendez@example.net
d94767eb-6652-4dea-86ce-a7e2e273e096,Derek Stewart,808-655-0924,mary86@example.net
1e75eb3a-9ba5-4ea6-82ec-886abe298058,Jeremy Farrell,922.207.8157x85481,leejohn@example.com
c53c32ef-2e64-4ac4-ac48-3707ab1ebd1f,Marc Hudson,908.901.4896x12666,james85@example.org
ebc19a03-a32d-4d3c-9976-f30cee3d3a70,Devin Joseph,(718)789-6289,chadbenson@example.com
0598403f-7a42-44a9-994e-9f23feb20394,Spencer Elliott,366-506-0469x728,eric98@example.org
8832dd24-c104-475b-8327-d687d3912b58,Jeffrey Jackson,8483263716,turnerjoanna@example.org
